Neue Wörter,New words,"Example sentence here","Translation here"
Da liegt der Hund begraben,that's the heart of the matter (idiom),"I think that's the heart of the matter.","Ich glaube, da liegt der Hund begraben."
Die Daumen drücken,to keep fingers crossed (idiom),"I'll keep my fingers crossed for your exam.","Ich drücke dir für die Prüfung die Daumen."
Um den heißen Brei herumreden,to beat around the bush (idiom),"Stop beating around the bush and tell me the truth.","Hör auf, um den heißen Brei herumzureden, und sag mir die Wahrheit."
Ein Auge zudrücken,to turn a blind eye (idiom),"I'll turn a blind eye this time, but don't do it again.","Ich drücke dieses Mal noch ein Auge zu, aber mach das nicht nochmal."
Schwein haben,to have a stroke of luck (idiom),"You really had a stroke of luck with that test.","Du hast bei dem Test wirklich Schwein gehabt."
Tomaten auf den Augen haben,to be blind to something obvious (idiom),"Can't you see the keys right there? You must be blind!","Siehst du die Schlüssel dort nicht? Du musst Tomaten auf den Augen haben!"
Die Kirche im Dorf lassen,to not get carried away (idiom),"We shouldn't get carried away and just wait.","Wir sollten die Kirche im Dorf lassen und einfach abwarten."
Ins Fettnäpfchen treten,to put your foot in your mouth (idiom),"I really put my foot in my mouth with that comment.","Mit diesem Kommentar bin ich echt ins Fettnäpfchen getreten."
Nur Bahnhof verstehen,to not understand a thing (idiom),"He explained it, but I didn't understand a thing.","Er hat es erklärt, aber ich habe nur Bahnhof verstanden."
Zwei Fliegen mit einer Klappe schlagen,to kill two birds with one stone (idiom),"If we go now, we can kill two birds with one stone.","Wenn wir jetzt gehen, können wir zwei Fliegen mit einer Klappe schlagen."
Das Haar in der Suppe suchen,to look for the negative in something (idiom),"You are always looking for the negative!","Du suchst immer das Haar in der Suppe!"
Die Katze im Sack kaufen,to buy a pig in a poke (idiom),"I would never buy a used car without checking it; I won't buy a pig in a poke.","Ich würde nie ein gebrauchtes Auto ungeprüft kaufen; ich kaufe nicht die Katze im Sack."
Jemandem auf den Keks gehen,to get on someone's nerves (idiom),"His constant talking is getting on my nerves.","Sein ständiges Gerede geht mir auf den Keks."
Einen Kater haben,to have a hangover (idiom),"I drank too much yesterday and now I have a hangover.","Ich habe gestern zu viel getrunken und jetzt habe ich einen Kater."
Bock haben,to be up for something (idiom),"Are you up for going to the cinema tonight?","Hast du Bock, heute Abend ins Kino zu gehen?"
Sich zum Affen machen,to make a fool of oneself (idiom),"I completely made a fool of myself at the party.","Ich habe mich auf der Party komplett zum Affen gemacht."
Die Ohren steif halten,to keep a stiff upper lip (idiom),"Keep a stiff upper lip, things will get better.","Halt die Ohren steif, es wird wieder besser."
Jemandem die Daumen drücken,to cross one's fingers for someone (idiom),"We will cross our fingers for your job interview.","Wir drücken dir für dein Vorstellungsgespräch die Daumen."
Einen Bock schießen,to make a stupid mistake (idiom),"He really made a stupid mistake with that presentation.","Er hat bei dieser Präsentation wirklich einen Bock geschossen."
Sich etwas aus den Fingern saugen,to make something up (idiom),"I don't know the answer, I'll have to make something up.","Ich kenne die Antwort nicht, ich muss mir etwas aus den Fingern saugen."
Auf dem Holzweg sein,to be on the wrong track (idiom),"If you think that will work, you are on the wrong track.","Wenn du glaubst, dass das funktioniert, bist du auf dem Holzweg."
Das Handtuch werfen,to throw in the towel (idiom),"After three failed attempts, he threw in the towel.","Nach drei gescheiterten Versuchen warf er das Handtuch."
Schnee von gestern,water under the bridge (idiom),"Don't worry about our argument, that's water under the bridge.","Mach dir wegen unseres Streits keine Sorgen, das ist Schnee von gestern."
Unter aller Kanone,beneath contempt (idiom),"The food at that restaurant was absolutely terrible.","Das Essen in dem Restaurant war unter aller Kanone."
Ins Gras beißen,to bite the dust (idiom),"My old laptop finally bit the dust.","Mein alter Laptop hat endgültig ins Gras gebissen."
Ein Brett vor dem Kopf haben,to be slow on the uptake (idiom),"I was really slow on the uptake today and couldn't solve the puzzle.","Ich hatte heute echt ein Brett vor dem Kopf und konnte das Rätsel nicht lösen."
Jemandem einen Bären aufbinden,to pull someone's leg (idiom),"Are you trying to pull my leg?","Versuchst du mir einen Bären aufzubinden?"
Die Nase voll haben,to be sick and tired of something (idiom),"I am sick and tired of this bad weather.","Ich habe die Nase voll von diesem schlechten Wetter."
Nicht alle Tassen im Schrank haben,to have a screw loose (idiom),"Are you crazy? You must have a screw loose!","Bist du verrückt? Du hast doch nicht alle Tassen im Schrank!"
Aus der Haut fahren,to hit the roof (idiom),"My boss hit the roof when I arrived late again.","Mein Chef ist aus der Haut gefahren, als ich wieder zu spät kam."
Einen Zahn zulegen,to speed up (idiom),"We need to speed up if we want to catch the train.","Wir müssen einen Zahn zulegen, wenn wir den Zug noch erwischen wollen."
Jemandem die Stirn bieten,to stand up to someone (idiom),"She finally stood up to the bully.","Sie hat dem Tyrannen endlich die Stirn geboten."
In den sauren Apfel beißen,to bite the bullet (idiom),"I don't want to do this, but I have to bite the bullet.","Ich will das nicht tun, aber ich muss in den sauren Apfel beißen."
Hals- und Beinbruch,break a leg (idiom),"Break a leg at your performance tonight!","Hals- und Beinbruch für deinen Auftritt heute Abend!"
Jemandem auf die Schliche kommen,to figure someone out (idiom),"The police finally figured out his plan.","Die Polizei ist ihm endlich auf die Schliche gekommen."
Ein Tropfen auf den heißen Stein,a drop in the ocean (idiom),"The donation is helpful, but it's just a drop in the ocean.","Die Spende ist hilfreich, aber nur ein Tropfen auf den heißen Stein."
Auf großem Fuß leben,to live in luxury (idiom),"Since he won the lottery, he lives in luxury.","Seit er im Lotto gewonnen hat, lebt er auf großem Fuß."
Den Faden verlieren,to lose one's train of thought (idiom),"I was distracted and lost my train of thought.","Ich wurde abgelenkt und habe den Faden verloren."
Das ist mir Wurst,I don't care (idiom),"I really don't care what we eat tonight.","Es ist mir wirklich Wurst, was wir heute Abend essen."
Etwas auf die lange Bank schieben,to put something off (idiom),"He always puts his homework off until Sunday evening.","Er schiebt seine Hausaufgaben immer bis Sonntagabend auf die lange Bank."
Jemanden im Regen stehen lassen,to leave someone in the lurch (idiom),"You can't just leave me in the lurch like this!","Du kannst mich nicht einfach so im Regen stehen lassen!"
Sich in die Haare kriegen,to get into a fight (idiom),"The brothers always get into a fight over the remote control.","Die Brüder kriegen sich immer wegen der Fernbedienung in die Haare."
Es fällt kein Meister vom Himmel,practice makes perfect (idiom),"Keep trying to play the guitar, practice makes perfect!","Versuch weiter Gitarre zu spielen, es fällt kein Meister vom Himmel!"
Die kalte Schulter zeigen,to give the cold shoulder (idiom),"She gave me the cold shoulder at the party yesterday.","Sie hat mir gestern auf der Party die kalte Schulter gezeigt."
Mit dem falschen Fuß aufstehen,to get up on the wrong side of the bed (idiom),"You are so grumpy today, did you get up on the wrong side of the bed?","Du bist heute so mürrisch, bist du mit dem falschen Fuß aufgestanden?"
Jemandem ein Dorn im Auge sein,to be a thorn in someone's side (idiom),"The new skyscraper is a thorn in the side of the local residents.","Der neue Wolkenkratzer ist den Anwohnern ein Dorn im Auge."
Sich ein Herz fassen,to take heart (idiom),"She took heart and finally asked him out.","Sie fasste sich ein Herz und fragte ihn endlich nach einem Date."
Aus einer Mücke einen Elefanten machen,to make a mountain out of a molehill (idiom),"Don't make a mountain out of a molehill, it's just a small scratch on the car.","Mach nicht aus einer Mücke einen Elefanten, das ist nur ein kleiner Kratzer am Auto."
Den Gürtel enger schnallen,to tighten one's belt (idiom),"Because of the crisis, we have to tighten our belts.","Wegen der Krise müssen wir den Gürtel enger schnallen."
Auf Nummer sicher gehen,to play it safe (idiom),"I'd rather play it safe and bring an umbrella.","Ich gehe lieber auf Nummer sicher und nehme einen Regenschirm mit."
