old_id,reason
vocab-b2-absagen-e6e02a0658,several rows share this term
vocab-b2-beruflich-vorwaertskommen-b05ee8e68e,several rows share this term
vocab-b2-beschaeftigen-0cf8f534dc,several rows share this term
vocab-b2-beschaeftigen-970fd095d4,several rows share this term
vocab-b2-bescheid-geben-5ae663ae79,several rows share this term
vocab-b2-bescheid-geben-97ec9b700e,several rows share this term
vocab-b2-das-entgegenkommen-6f0cd94fab,several rows share this term
vocab-b2-das-entgegenkommen-bc71726107,several rows share this term
vocab-b2-das-gewissen-ac675b055d,several rows share this term
vocab-b2-den-laptop-herunterfahren-093f1a7ec3,several rows share this term
vocab-b2-den-laptop-herunterfahren-45abc1566a,several rows share this term
vocab-b2-derzeitig-af5b0f92e4,several rows share this term
vocab-b2-derzeitig-c51311e2bc,several rows share this term
vocab-b2-einen-gegenvorschlag-machen-13828aef18,several rows share this term
vocab-b2-einen-gegenvorschlag-machen-f7ffb6cb6a,several rows share this term
vocab-b2-einzigartig-0d8f1a686d,several rows share this term
vocab-b2-einzigartig-115a6707fa,several rows share this term
vocab-b2-jobben-5f978c6004,several rows share this term
vocab-b2-jobben-622286da9e,several rows share this term
vocab-b2-nachfragen-02f216c94b,several rows share this term
vocab-b2-nachfragen-b9d1de059b,several rows share this term
vocab-b2-nachfragen-cd5dbfa5a3,several rows share this term
vocab-b2-pflicht-sein-3bc15590ed,several rows share this term
vocab-b2-pflicht-sein-ff24287949,several rows share this term
vocab-b2-quittungen-aufheben-3f99eaa7bc,several rows share this term
vocab-b2-quittungen-aufheben-f76d542b7f,several rows share this term
vocab-b2-unterbringen-30156cbba5,several rows share this term
vocab-b2-unterbringen-43a8ce3df5,several rows share this term
vocab-b2-vorbeikommen-28fd4f850a,several rows share this term
vocab-b2-vorbeikommen-fc1ce2afd5,several rows share this term
vocab-b2-abbrechen-0fd0d37f1a,no row with this term
vocab-b2-absagen-termin-1ce261bbf9,no row with this term
vocab-b2-annehmen-8f7c66649b,no row with this term
vocab-b2-arbeitsbedingungen-f6878ed3fc,no row with this term
vocab-b2-aufbrechent-250d7c1eb0,no row with this term
vocab-b2-auslegen-dokument-a02e518482,no row with this term
vocab-b2-berechnen-ueberstunden-f3f589ecea,no row with this term
vocab-b2-betreuen-826ae544d7,no row with this term
vocab-b2-das-du-anbieten-34eb4a072d,no row with this term
vocab-b2-das-selbstvertrauen-a789d4e773,no row with this term
vocab-b2-das-vorhaben-1b0fee7b4c,no row with this term
vocab-b2-das-waschbecken-70c3e4facf,no row with this term
vocab-b2-das-zeichen-ad41bbce77,no row with this term
vocab-b2-der-putzlappen-19eaca8183,no row with this term
vocab-b2-die-gesellschaft-a13d819679,no row with this term
vocab-b2-die-gewerkschaft-f6912efdd4,no row with this term
vocab-b2-einfuehren-b701c1a3c3,no row with this term
vocab-b2-empfehlen-342bccec96,no row with this term
vocab-b2-festlegen-5a42590670,no row with this term
vocab-b2-foerdern-8e4d1e4483,no row with this term
vocab-b2-fortsetzen-521159b0b1,no row with this term
vocab-b2-gewoehnen-sich-an-a-a289273fd6,no row with this term
vocab-b2-herausfinden-68e4fc8241,no row with this term
vocab-b2-nachdenken-ueber-45c2035c63,no row with this term
vocab-b2-pech-5a8bc5a47d,no row with this term
vocab-b2-richten-nach-d-dd7c97ad0f,no row with this term
vocab-b2-schriftlich-festhalten-b77570e4fc,no row with this term
vocab-b2-sich-entschuldigen-e41e95cc75,no row with this term
vocab-b2-steigen-b80bb41031,no row with this term
vocab-b2-stoeren-1fc00003ca,no row with this term
vocab-b2-uebernehmen-termin-5bb5053a7b,no row with this term
vocab-b2-unterzeichnen-3cf5a1d358,no row with this term
vocab-b2-vergnuegen-sich-946c0fdf5b,no row with this term
vocab-b2-verlegen-termin-9c8e90bf5c,no row with this term
vocab-b2-vermehren-sich-0a39d3b594,no row with this term
vocab-b2-verzeihung-a712d7e1ed,no row with this term
vocab-b2-vor-allem-a00f5de8d5,no row with this term
vocab-b2-wegfallen-8fb4ee9718,no row with this term
vocab-b2-weitergeben-128b79492d,no row with this term
vocab-b2-zurueckkehren-0d2d02af29,no row with this term
