id,type,part_of_speech,native_frequency_rating,native_frequency_label,native_frequency_notes,rated_by,rated_at,corpus_rank,register,regional_labels,contexts,tags,gender,plural,genitive_singular,is_reflexive,is_separable,auxiliary,present_er_sie_es,praeteritum,partizip_ii,valency,collocations,synonyms,antonyms,false_friends,word_family,mnemonic_hint,approved_by_native,connector_function,verb_position_effect,highlighted_example,noun_article_rule,review_status
vocab-b2-abbestellen-000323ed6c,vocabulary,verb,3,,,,,,,,,,,,,,,,,,,,,,,,,,,,,,,
vocab-b2-abbrechen-0fd0d37f1a,vocabulary,verb,3,,,,,,,,,,,,,,,,,,,,,,,,,,,,,,,
vocab-b2-aberglaeubisch-67ea972667,vocabulary,adjective,3,,,,,,,,,,,,,,,,,,,,,,,,,,,,,,,
vocab-b2-ablegen-0e5ccbd15a,vocabulary,verb,3,,,,,,,,,,,,,,,,,,,,,,,,,,,,,,,
vocab-b2-abreisen-anreisen-07a9ac9749,vocabulary,verb,3,,,,,,,,,,,,,,,,,,,,,,,,,,,,,,,
vocab-b2-absagen-e6e02a0658,vocabulary,verb,3,,,,,,,,,,,,,,,,,,,,,,,,,,,,,,,
vocab-b2-absagen-termin-1ce261bbf9,vocabulary,verb,3,,,,,,,,,,,,,,,,,,,,,,,,,,,,,,,
vocab-b2-absolvieren-dc64515e92,vocabulary,verb,3,,,,,,,,,,,,,,,,,,,,,,,,,,,,,,,
vocab-b2-abziehen-62d1b88d2a,vocabulary,verb,3,,,,,,,,,,,,,,,,,,,,,,,,,,,,,,,
vocab-b2-ahnen-5250bdedb2,vocabulary,verb,3,,,,,,,,,,,,,,,,,,,,,,,,,,,,,,,
vocab-b2-aktualisieren-7bc736532f,vocabulary,verb,3,,,,,,,,,,,,,,,,,,,,,,,,,,,,,,,
vocab-b2-allmaehlich-ae25ee6331,vocabulary,adjective,3,,,,,,,,,,,,,,,,,,,,,,,,,,,,,,,
vocab-b2-altmodisch-61191048a4,vocabulary,adjective,3,,,,,,,,,,,,,,,,,,,,,,,,,,,,,,,
vocab-b2-andauern-85ab995230,vocabulary,verb,3,,,,,,,,,,,,,,,,,,,,,,,,,,,,,,,
vocab-b2-anerkennen-lassen-4de0661a85,vocabulary,verb,3,,,,,,,,,,,,,,,,,,,,,,,,,,,,,,,
vocab-b2-anfallen-9ca752e63d,vocabulary,verb,3,,,,,,,,,,,,,,,,,,,,,,,,,,,,,,,
vocab-b2-anfordern-51117527ec,vocabulary,verb,3,,,,,,,,,,,,,,,,,,,,,,,,,,,,,,,
vocab-b2-angebote-vergleichen-d334d27b68,vocabulary,noun,3,,,,,,,,,,,,,,,,,,,,,,,,,,,,,,,
vocab-b2-angeln-d0aba0b49b,vocabulary,verb,3,,,,,,,,,,,,,,,,,,,,,,,,,,,,,,,
vocab-b2-angemessen-6709f54504,vocabulary,verb,3,,,,,,,,,,,,,,,,,,,,,,,,,,,,,,,
vocab-b2-angemessen-bezahlt-werden-672ff93aea,vocabulary,verb,3,,,,,,,,,,,,,,,,,,,,,,,,,,,,,,,
vocab-b2-angemessen-c95cf1b7f6,vocabulary,verb,3,,,,,,,,,,,,,,,,,,,,,,,,,,,,,,,
vocab-b2-angewiesen-sein-auf-bbedfd0f40,vocabulary,verb,3,,,,,,,,,,,,,,,,,,,,,,,,,,,,,,,
vocab-b2-animieren-zu-dat-c496eb2270,vocabulary,verb,3,,,,,,,,,,,,,,,,,,,,,,,,,,,,,,,
vocab-b2-annehmen-8f7c66649b,vocabulary,verb,3,,,,,,,,,,,,,,,,,,,,,,,,,,,,,,,
vocab-b2-anregen-zu-dat-d3c69caaff,vocabulary,verb,3,,,,,,,,,,,,,,,,,,,,,,,,,,,,,,,
vocab-b2-anweisungen-verstehen-826e04fd74,vocabulary,noun,3,,,,,,,,,,,,,,,,,,,,,,,,,,,,,,,
vocab-b2-arbeitsablaeufe-regeln-eadaf14ac6,vocabulary,noun,3,,,,,,,,,,,,,,,,,,,,,,,,,,,,,,,
vocab-b2-arbeitsbedingungen-f6878ed3fc,vocabulary,noun,3,,,,,,,,,,,,,,,,,,,,,,,,,,,,,,,
vocab-b2-arbeitsweisen-ueberpruefen-3c792851ea,vocabulary,noun,3,,,,,,,,,,,,,,,,,,,,,,,,,,,,,,,
vocab-b2-artig-bf8161c00a,vocabulary,adjective,3,,,,,,,,,,,,,,,,,,,,,,,,,,,,,,,
vocab-b2-auf-beschwerden-reagieren-d1b3da882c,vocabulary,verb,3,,,,,,,,,,,,,,,,,,,,,,,,,,,,,,,
vocab-b2-auf-dauer-unzufrieden-sein-c9fde79e16,vocabulary,verb,3,,,,,,,,,,,,,,,,,,,,,,,,,,,,,,,
vocab-b2-auf-den-anrufbeantworter-sprechen-01e5ab7a6c,vocabulary,verb,3,,,,,,,,,,,,,,,,,,,,,,,,,,,,,,,
vocab-b2-auf-einem-stick-speichern-a7d5a77dd3,vocabulary,verb,3,,,,,,,,,,,,,,,,,,,,,,,,,,,,,,,
vocab-b2-auf-hygiene-achten-08d95f5fbe,vocabulary,verb,3,,,,,,,,,,,,,,,,,,,,,,,,,,,,,,,
vocab-b2-auf-montage-fahren-040d16cb7e,vocabulary,verb,3,,,,,,,,,,,,,,,,,,,,,,,,,,,,,,,
vocab-b2-aufbrechent-250d7c1eb0,vocabulary,verb,3,,,,,,,,,,,,,,,,,,,,,,,,,,,,,,,
vocab-b2-auffaellig-995374c006,vocabulary,adjective,3,,,,,,,,,,,,,,,,,,,,,,,,,,,,,,,
vocab-b2-auffordern-5b6f75cdc1,vocabulary,verb,3,,,,,,,,,,,,,,,,,,,,,,,,,,,,,,,
vocab-b2-aufladen-28934cc2f9,vocabulary,verb,3,,,,,,,,,,,,,,,,,,,,,,,,,,,,,,,
vocab-b2-aufloesen-71b6bf6555,vocabulary,verb,3,,,,,,,,,,,,,,,,,,,,,,,,,,,,,,,
vocab-b2-aufstellen-dbd63c3e2f,vocabulary,verb,3,,,,,,,,,,,,,,,,,,,,,,,,,,,,,,,
vocab-b2-aufteilen-2fdcaf6369,vocabulary,verb,3,,,,,,,,,,,,,,,,,,,,,,,,,,,,,,,
vocab-b2-aufzeigen-a3894f6d37,vocabulary,verb,3,,,,,,,,,,,,,,,,,,,,,,,,,,,,,,,
vocab-b2-aus-betrieblichen-gruenden-7afb08323e,vocabulary,verb,3,,,,,,,,,,,,,,,,,,,,,,,,,,,,,,,
vocab-b2-ausarbeiten-adfb1dfa37,vocabulary,verb,3,,,,,,,,,,,,,,,,,,,,,,,,,,,,,,,
vocab-b2-ausgeglichen-c658d21ef5,vocabulary,verb,3,,,,,,,,,,,,,,,,,,,,,,,,,,,,,,,
vocab-b2-ausgehen-von-9268439e85,vocabulary,verb,3,,,,,,,,,,,,,,,,,,,,,,,,,,,,,,,
vocab-b2-aushaengen-c15b505fbd,vocabulary,verb,3,,,,,,,,,,,,,,,,,,,,,,,,,,,,,,,
vocab-b2-auskommen-mit-5dc2f34de5,vocabulary,verb,3,,,,,,,,,,,,,,,,,,,,,,,,,,,,,,,
vocab-b2-auskunft-geben-7a031c1280,vocabulary,noun,3,,,,,,,,,,,,,,,,,,,,,,,,,,,,,,,
vocab-b2-auslegen-dokument-a02e518482,vocabulary,verb,3,,,,,,,,,,,,,,,,,,,,,,,,,,,,,,,
vocab-b2-ausnutzen-648dfceaa1,vocabulary,verb,3,,,,,,,,,,,,,,,,,,,,,,,,,,,,,,,
vocab-b2-ausschliesslich-1de32e06e6,vocabulary,adjective,3,,,,,,,,,,,,,,,,,,,,,,,,,,,,,,,
vocab-b2-ausserhalb-der-sprechzeit-anrufen-b3ad630a1a,vocabulary,verb,3,,,,,,,,,,,,,,,,,,,,,,,,,,,,,,,
vocab-b2-austeilen-a2d16041c8,vocabulary,verb,3,,,,,,,,,,,,,,,,,,,,,,,,,,,,,,,
vocab-b2-auszeichnen-53b501ccb7,vocabulary,verb,3,,,,,,,,,,,,,,,,,,,,,,,,,,,,,,,
vocab-b2-bankrott-sein-208d5b6fc9,vocabulary,verb,3,,,,,,,,,,,,,,,,,,,,,,,,,,,,,,,
vocab-b2-beabsichtigen-f2653cb24f,vocabulary,verb,3,,,,,,,,,,,,,,,,,,,,,,,,,,,,,,,
vocab-b2-bedenken-aeussern-9af1b5fba5,vocabulary,noun,3,,,,,,,,,,,,,,,,,,,,,,,,,,,,,,,
vocab-b2-beeindrucken-fabd8020f6,vocabulary,verb,3,,,,,,,,,,,,,,,,,,,,,,,,,,,,,,,
vocab-b2-befolgen-e5553e0dbc,vocabulary,verb,3,,,,,,,,,,,,,,,,,,,,,,,,,,,,,,,
vocab-b2-begegnen-f53c33bab4,vocabulary,verb,3,,,,,,,,,,,,,,,,,,,,,,,,,,,,,,,
vocab-b2-begiessen-d07d8bb4f4,vocabulary,verb,3,,,,,,,,,,,,,,,,,,,,,,,,,,,,,,,
vocab-b2-begleiten-a4e74690d5,vocabulary,verb,3,,,,,,,,,,,,,,,,,,,,,,,,,,,,,,,
vocab-b2-beibringen-ed1c27cf83,vocabulary,verb,3,,,,,,,,,,,,,,,,,,,,,,,,,,,,,,,
vocab-b2-beissen-3ce2231eb5,vocabulary,verb,3,,,,,,,,,,,,,,,,,,,,,,,,,,,,,,,
vocab-b2-beistehen-086cef6cb4,vocabulary,verb,3,,,,,,,,,,,,,,,,,,,,,,,,,,,,,,,
vocab-b2-beitragen-zu-b667f7142f,vocabulary,verb,3,,,,,,,,,,,,,,,,,,,,,,,,,,,,,,,
vocab-b2-beklagen-82b04ca612,vocabulary,verb,3,,,,,,,,,,,,,,,,,,,,,,,,,,,,,,,
vocab-b2-belaestigen-c285f4bf93,vocabulary,verb,3,,,,,,,,,,,,,,,,,,,,,,,,,,,,,,,
vocab-b2-belastbar-e3d5807389,vocabulary,adjective,3,,,,,,,,,,,,,,,,,,,,,,,,,,,,,,,
vocab-b2-beliefern-79c351ad58,vocabulary,verb,3,,,,,,,,,,,,,,,,,,,,,,,,,,,,,,,
vocab-b2-berechnen-ueberstunden-f3f589ecea,vocabulary,verb,3,,,,,,,,,,,,,,,,,,,,,,,,,,,,,,,
vocab-b2-bereuen-b14a608a66,vocabulary,verb,3,,,,,,,,,,,,,,,,,,,,,,,,,,,,,,,
vocab-b2-beruflich-vorwaertskommen-b05ee8e68e,vocabulary,verb,3,,,,,,,,,,,,,,,,,,,,,,,,,,,,,,,
vocab-b2-beschaeftigen-0cf8f534dc,vocabulary,verb,3,,,,,,,,,,,,,,,,,,,,,,,,,,,,,,,
vocab-b2-beschaeftigen-970fd095d4,vocabulary,verb,3,,,,,,,,,,,,,,,,,,,,,,,,,,,,,,,
vocab-b2-bescheid-geben-5ae663ae79,vocabulary,noun,3,,,,,,,,,,,,,,,,,,,,,,,,,,,,,,,
vocab-b2-bescheid-geben-97ec9b700e,vocabulary,noun,3,,,,,,,,,,,,,,,,,,,,,,,,,,,,,,,
vocab-b2-bescheiden-db001a551a,vocabulary,verb,3,,,,,,,,,,,,,,,,,,,,,,,,,,,,,,,
vocab-b2-beschuldigen-bf9d6ddb9c,vocabulary,verb,3,,,,,,,,,,,,,,,,,,,,,,,,,,,,,,,
vocab-b2-beschwerden-beantworten-5597d26f98,vocabulary,noun,3,,,,,,,,,,,,,,,,,,,,,,,,,,,,,,,
vocab-b2-bestreiten-63471fd410,vocabulary,verb,3,,,,,,,,,,,,,,,,,,,,,,,,,,,,,,,
vocab-b2-betreiben-8b0e66d75e,vocabulary,verb,3,,,,,,,,,,,,,,,,,,,,,,,,,,,,,,,
vocab-b2-betreuen-826ae544d7,vocabulary,verb,3,,,,,,,,,,,,,,,,,,,,,,,,,,,,,,,
vocab-b2-bewundern-2875e79d0c,vocabulary,verb,3,,,,,,,,,,,,,,,,,,,,,,,,,,,,,,,
vocab-b2-beziehungsweise-1486df1044,vocabulary,adverb,3,,,,,,,,,,,,,,,,,,,,,,,,,,,,,,,
vocab-b2-bezug-nehmen-auf-de187595ef,vocabulary,noun,3,,,,,,,,,,,,,,,,,,,,,,,,,,,,,,,
vocab-b2-bezweifeln-d5128e8394,vocabulary,verb,3,,,,,,,,,,,,,,,,,,,,,,,,,,,,,,,
vocab-b2-bis-an-die-grenzen-arbeiten-87e4f0f23a,vocabulary,verb,3,,,,,,,,,,,,,,,,,,,,,,,,,,,,,,,
vocab-b2-buersten-c525966fad,vocabulary,verb,3,,,,,,,,,,,,,,,,,,,,,,,,,,,,,,,
vocab-b2-damalig-5374204725,vocabulary,adjective,3,,,,,,,,,,,,,,,,,,,,,,,,,,,,,,,
vocab-b2-darstellen-679c1ed806,vocabulary,verb,3,,,,,,,,,,,,,,,,,,,,,,,,,,,,,,,
vocab-b2-das-anliegen-b76e8e4cc0,vocabulary,verb,3,,,,,,,,,,,,,,,,,,,,,,,,,,,,,,,
vocab-b2-das-anliegen-ed5f787067,vocabulary,verb,3,,,,,,,,,,,,,,,,,,,,,,,,,,,,,,,
vocab-b2-das-ausrufezeichen-eba411c03a,vocabulary,verb,3,,,,,,,,,,,,,,,,,,,,,,,,,,,,,,,
vocab-b2-das-berichtsheft-fuehren-901fbc95da,vocabulary,verb,3,,,,,,,,,,,,,,,,,,,,,,,,,,,,,,,
vocab-b2-das-bewusstsein-verlieren-d7502eab36,vocabulary,verb,3,,,,,,,,,,,,,,,,,,,,,,,,,,,,,,,
vocab-b2-das-du-anbieten-34eb4a072d,vocabulary,verb,3,,,,,,,,,,,,,,,,,,,,,,,,,,,,,,,
vocab-b2-das-entgegenkommen-6f0cd94fab,vocabulary,verb,3,,,,,,,,,,,,,,,,,,,,,,,,,,,,,,,
vocab-b2-das-entgegenkommen-bc71726107,vocabulary,verb,3,,,,,,,,,,,,,,,,,,,,,,,,,,,,,,,
vocab-b2-das-gehalt-verhandeln-1ef75cb190,vocabulary,verb,3,,,,,,,,,,,,,,,,,,,,,,,,,,,,,,,
vocab-b2-das-gewissen-ac675b055d,vocabulary,verb,3,,,,,,,,,,,,,,,,,,,,,,,,,,,,,,,
vocab-b2-das-gleichgewicht-verlieren-f9d70bdd85,vocabulary,verb,3,,,,,,,,,,,,,,,,,,,,,,,,,,,,,,,
vocab-b2-das-internationale-unternehmen-c4c999cd9c,vocabulary,verb,3,,,,,,,,,,,,,,,,,,,,,,,,,,,,,,,
vocab-b2-das-kaninchen-0873687f92,vocabulary,verb,3,,,,,,,,,,,,,,,,,,,,,,,,,,,,,,,
vocab-b2-das-konsumverhalten-421ed6071b,vocabulary,verb,3,,,,,,,,,,,,,,,,,,,,,,,,,,,,,,,
vocab-b2-das-mittelstaendische-unternehmen-9b526b9490,vocabulary,verb,3,,,,,,,,,,,,,,,,,,,,,,,,,,,,,,,
vocab-b2-das-schnaeppchen-e1af0c8d20,vocabulary,verb,3,,,,,,,,,,,,,,,,,,,,,,,,,,,,,,,
vocab-b2-das-selbstvertrauen-a789d4e773,vocabulary,verb,3,,,,,,,,,,,,,,,,,,,,,,,,,,,,,,,
vocab-b2-das-spuelbecken-f570edad76,vocabulary,verb,3,,,,,,,,,,,,,,,,,,,,,,,,,,,,,,,
vocab-b2-das-start-up-unternehmen-d343a3af5e,vocabulary,verb,3,,,,,,,,,,,,,,,,,,,,,,,,,,,,,,,
vocab-b2-das-vermoegen-5825647b2e,vocabulary,verb,3,,,,,,,,,,,,,,,,,,,,,,,,,,,,,,,
vocab-b2-das-vorgehen-b14c056c66,vocabulary,verb,3,,,,,,,,,,,,,,,,,,,,,,,,,,,,,,,
vocab-b2-das-vorhaben-1b0fee7b4c,vocabulary,verb,3,,,,,,,,,,,,,,,,,,,,,,,,,,,,,,,
vocab-b2-das-waschbecken-70c3e4facf,vocabulary,verb,3,,,,,,,,,,,,,,,,,,,,,,,,,,,,,,,
vocab-b2-das-zeichen-ad41bbce77,vocabulary,verb,3,,,,,,,,,,,,,,,,,,,,,,,,,,,,,,,
vocab-b2-dazugehoerig-c1beee23de,vocabulary,adjective,3,,,,,,,,,,,,,,,,,,,,,,,,,,,,,,,
vocab-b2-decken-5719247fb1,vocabulary,verb,3,,,,,,,,,,,,,,,,,,,,,,,,,,,,,,,
vocab-b2-den-ersten-schritt-machen-588b9f83c5,vocabulary,verb,3,,,,,,,,,,,,,,,,,,,,,,,,,,,,,,,
vocab-b2-den-interessen-entsprechen-58fdbe1ba2,vocabulary,verb,3,,,,,,,,,,,,,,,,,,,,,,,,,,,,,,,
vocab-b2-den-laptop-herunterfahren-093f1a7ec3,vocabulary,verb,3,,,,,,,,,,,,,,,,,,,,,,,,,,,,,,,
vocab-b2-den-laptop-herunterfahren-45abc1566a,vocabulary,verb,3,,,,,,,,,,,,,,,,,,,,,,,,,,,,,,,
vocab-b2-den-rettungsdienst-anrufen-288f62ff68,vocabulary,verb,3,,,,,,,,,,,,,,,,,,,,,,,,,,,,,,,
vocab-b2-den-unfallbericht-schreiben-a1997f30ef,vocabulary,verb,3,,,,,,,,,,,,,,,,,,,,,,,,,,,,,,,
vocab-b2-den-vertrag-verlaengern-9e33ddeb3b,vocabulary,verb,3,,,,,,,,,,,,,,,,,,,,,,,,,,,,,,,
vocab-b2-der-ansicht-sein-4541d5c5b9,vocabulary,verb,3,,,,,,,,,,,,,,,,,,,,,,,,,,,,,,,
vocab-b2-der-fensterladen-d1f7d3ca54,vocabulary,verb,3,,,,,,,,,,,,,,,,,,,,,,,,,,,,,,,
vocab-b2-der-knochen-86b8aa3ca5,vocabulary,verb,3,,,,,,,,,,,,,,,,,,,,,,,,,,,,,,,
vocab-b2-der-putzlappen-19eaca8183,vocabulary,verb,3,,,,,,,,,,,,,,,,,,,,,,,,,,,,,,,
vocab-b2-der-rettungswagen-78d362f6a1,vocabulary,verb,3,,,,,,,,,,,,,,,,,,,,,,,,,,,,,,,
vocab-b2-der-touchscreen-6160c22504,vocabulary,verb,3,,,,,,,,,,,,,,,,,,,,,,,,,,,,,,,
vocab-b2-der-umgang-mit-kunden-3f9acd28a9,vocabulary,verb,3,,,,,,,,,,,,,,,,,,,,,,,,,,,,,,,
vocab-b2-derzeitig-af5b0f92e4,vocabulary,adjective,3,,,,,,,,,,,,,,,,,,,,,,,,,,,,,,,
vocab-b2-derzeitig-c51311e2bc,vocabulary,adjective,3,,,,,,,,,,,,,,,,,,,,,,,,,,,,,,,
vocab-b2-die-alarmanlage-einschalten-887f3e2e60,vocabulary,verb,3,,,,,,,,,,,,,,,,,,,,,,,,,,,,,,,
vocab-b2-die-ausbildung-verkuerzen-1a7159a3f6,vocabulary,verb,3,,,,,,,,,,,,,,,,,,,,,,,,,,,,,,,
vocab-b2-die-belegschaft-4e95fa9691,vocabulary,adjective,3,,,,,,,,,,,,,,,,,,,,,,,,,,,,,,,
vocab-b2-die-belegschaft-d71e8f4754,vocabulary,adjective,3,,,,,,,,,,,,,,,,,,,,,,,,,,,,,,,
vocab-b2-die-berufliche-anerkennung-beantragen-ecb3101b92,vocabulary,verb,3,,,,,,,,,,,,,,,,,,,,,,,,,,,,,,,
vocab-b2-die-besprechungsunterlagen-e275436e2e,vocabulary,verb,3,,,,,,,,,,,,,,,,,,,,,,,,,,,,,,,
vocab-b2-die-buchung-bestaetigen-6593be639c,vocabulary,verb,3,,,,,,,,,,,,,,,,,,,,,,,,,,,,,,,
vocab-b2-die-fahrgemeinschaft-2c6105e150,vocabulary,adjective,3,,,,,,,,,,,,,,,,,,,,,,,,,,,,,,,
vocab-b2-die-geduld-bewahren-4cf6ebcbd7,vocabulary,verb,3,,,,,,,,,,,,,,,,,,,,,,,,,,,,,,,
vocab-b2-die-gesellschaft-a13d819679,vocabulary,adjective,3,,,,,,,,,,,,,,,,,,,,,,,,,,,,,,,
vocab-b2-die-gewerkschaft-f6912efdd4,vocabulary,adjective,3,,,,,,,,,,,,,,,,,,,,,,,,,,,,,,,
vocab-b2-die-haut-kuehlen-cc0b661e33,vocabulary,verb,3,,,,,,,,,,,,,,,,,,,,,,,,,,,,,,,
vocab-b2-die-liefer-und-zahlungsbedingungen-655dc682cd,vocabulary,verb,3,,,,,,,,,,,,,,,,,,,,,,,,,,,,,,,
vocab-b2-die-meisterpruefung-machen-f8018bbeff,vocabulary,verb,3,,,,,,,,,,,,,,,,,,,,,,,,,,,,,,,
vocab-b2-die-stromquelle-abschalten-17606556a9,vocabulary,verb,3,,,,,,,,,,,,,,,,,,,,,,,,,,,,,,,
vocab-b2-die-unterlagen-04e2feb2c4,vocabulary,verb,3,,,,,,,,,,,,,,,,,,,,,,,,,,,,,,,
vocab-b2-die-vertretung-organisieren-dc8ab44aa5,vocabulary,verb,3,,,,,,,,,,,,,,,,,,,,,,,,,,,,,,,
vocab-b2-die-ware-umtauschen-719013fd1d,vocabulary,verb,3,,,,,,,,,,,,,,,,,,,,,,,,,,,,,,,
vocab-b2-die-zugangsvoraussetzungen-8ae1999aa8,vocabulary,verb,3,,,,,,,,,,,,,,,,,,,,,,,,,,,,,,,
vocab-b2-durchsetzen-6ba91e7c42,vocabulary,verb,3,,,,,,,,,,,,,,,,,,,,,,,,,,,,,,,
vocab-b2-duzen-f5f738b4ae,vocabulary,verb,3,,,,,,,,,,,,,,,,,,,,,,,,,,,,,,,
vocab-b2-eifersuechtig-neidisch-a22c525529,vocabulary,adjective,3,,,,,,,,,,,,,,,,,,,,,,,,,,,,,,,
vocab-b2-ein-angebot-unterbreiten-414561f236,vocabulary,verb,3,,,,,,,,,,,,,,,,,,,,,,,,,,,,,,,
vocab-b2-ein-angebot-verhandeln-a0fb5d7cec,vocabulary,verb,3,,,,,,,,,,,,,,,,,,,,,,,,,,,,,,,
vocab-b2-ein-bewerbungsschreiben-verfassen-efff195601,vocabulary,verb,3,,,,,,,,,,,,,,,,,,,,,,,,,,,,,,,
vocab-b2-ein-hohes-arbeitspensum-haben-b8164e7492,vocabulary,verb,3,,,,,,,,,,,,,,,,,,,,,,,,,,,,,,,
vocab-b2-ein-meeting-abhalten-140b554157,vocabulary,verb,3,,,,,,,,,,,,,,,,,,,,,,,,,,,,,,,
vocab-b2-ein-unternehmen-gruenden-4f928556c1,vocabulary,verb,3,,,,,,,,,,,,,,,,,,,,,,,,,,,,,,,
vocab-b2-einbehalten-1ec08b510e,vocabulary,verb,3,,,,,,,,,,,,,,,,,,,,,,,,,,,,,,,
vocab-b2-eine-bestellung-aufgeben-3e68d565b7,vocabulary,verb,3,,,,,,,,,,,,,,,,,,,,,,,,,,,,,,,
vocab-b2-eine-bestellung-durchgeben-b4c64c6a0d,vocabulary,verb,3,,,,,,,,,,,,,,,,,,,,,,,,,,,,,,,
vocab-b2-eine-grafik-einpflegen-efa7ed527a,vocabulary,verb,3,,,,,,,,,,,,,,,,,,,,,,,,,,,,,,,
vocab-b2-eine-kurze-rueckmeldung-geben-baede002aa,vocabulary,verb,3,,,,,,,,,,,,,,,,,,,,,,,,,,,,,,,
vocab-b2-eine-loesung-finden-d9cfd89539,vocabulary,verb,3,,,,,,,,,,,,,,,,,,,,,,,,,,,,,,,
vocab-b2-eine-nachricht-hinterlassen-731e15603e,vocabulary,verb,3,,,,,,,,,,,,,,,,,,,,,,,,,,,,,,,
vocab-b2-eine-offene-frage-klaeren-2c54fb6bc5,vocabulary,verb,3,,,,,,,,,,,,,,,,,,,,,,,,,,,,,,,
vocab-b2-eine-praktische-loesung-ausdenken-ac61d7657d,vocabulary,verb,3,,,,,,,,,,,,,,,,,,,,,,,,,,,,,,,
vocab-b2-eine-preisliste-beilegen-ec0e905866,vocabulary,verb,3,,,,,,,,,,,,,,,,,,,,,,,,,,,,,,,
vocab-b2-eine-rechnung-begleichen-6bfb4d2d3e,vocabulary,verb,3,,,,,,,,,,,,,,,,,,,,,,,,,,,,,,,
vocab-b2-eine-schwierige-situation-meistern-84b90fd7f0,vocabulary,verb,3,,,,,,,,,,,,,,,,,,,,,,,,,,,,,,,
vocab-b2-eine-sicherungskopie-machen-e1f0c89534,vocabulary,verb,3,,,,,,,,,,,,,,,,,,,,,,,,,,,,,,,
vocab-b2-eine-stelle-antreten-4bfc799490,vocabulary,verb,3,,,,,,,,,,,,,,,,,,,,,,,,,,,,,,,
vocab-b2-einen-arzt-rufen-ade42b5fe5,vocabulary,verb,3,,,,,,,,,,,,,,,,,,,,,,,,,,,,,,,
vocab-b2-einen-bericht-vorlegen-0680f1f9a5,vocabulary,verb,3,,,,,,,,,,,,,,,,,,,,,,,,,,,,,,,
vocab-b2-einen-beruf-ausueben-42850a800d,vocabulary,verb,3,,,,,,,,,,,,,,,,,,,,,,,,,,,,,,,
vocab-b2-einen-betrag-ueberweisen-52bd134902,vocabulary,verb,3,,,,,,,,,,,,,,,,,,,,,,,,,,,,,,,
vocab-b2-einen-betrag-vom-konto-abbuchen-7d825e62a2,vocabulary,verb,3,,,,,,,,,,,,,,,,,,,,,,,,,,,,,,,
vocab-b2-einen-fehler-beheben-6059751117,vocabulary,verb,3,,,,,,,,,,,,,,,,,,,,,,,,,,,,,,,
vocab-b2-einen-fehler-beheben-fef3bab983,vocabulary,verb,3,,,,,,,,,,,,,,,,,,,,,,,,,,,,,,,
vocab-b2-einen-fehler-zugeben-60007264e1,vocabulary,verb,3,,,,,,,,,,,,,,,,,,,,,,,,,,,,,,,
vocab-b2-einen-fehler-zugeben-c8f1996021,vocabulary,verb,3,,,,,,,,,,,,,,,,,,,,,,,,,,,,,,,
vocab-b2-einen-gegenvorschlag-machen-13828aef18,vocabulary,verb,3,,,,,,,,,,,,,,,,,,,,,,,,,,,,,,,
vocab-b2-einen-gegenvorschlag-machen-f7ffb6cb6a,vocabulary,verb,3,,,,,,,,,,,,,,,,,,,,,,,,,,,,,,,
vocab-b2-einen-guten-eindruck-machen-70092c5c63,vocabulary,verb,3,,,,,,,,,,,,,,,,,,,,,,,,,,,,,,,
vocab-b2-einen-gutschein-anbieten-196a6cb343,vocabulary,verb,3,,,,,,,,,,,,,,,,,,,,,,,,,,,,,,,
vocab-b2-einen-konflikt-loesen-cb9207ba8e,vocabulary,verb,3,,,,,,,,,,,,,,,,,,,,,,,,,,,,,,,
vocab-b2-einen-liefertermin-abklaeren-f7c1faf36f,vocabulary,verb,3,,,,,,,,,,,,,,,,,,,,,,,,,,,,,,,
vocab-b2-einen-probedurchlauf-machen-dab520fffa,vocabulary,verb,3,,,,,,,,,,,,,,,,,,,,,,,,,,,,,,,
vocab-b2-einen-termin-vorziehen-5bfd7dd611,vocabulary,verb,3,,,,,,,,,,,,,,,,,,,,,,,,,,,,,,,
vocab-b2-einen-vorfall-beseitigen-6caf131e3f,vocabulary,verb,3,,,,,,,,,,,,,,,,,,,,,,,,,,,,,,,
vocab-b2-einfuehren-b701c1a3c3,vocabulary,verb,3,,,,,,,,,,,,,,,,,,,,,,,,,,,,,,,
vocab-b2-eingehen-auf-1034b1d7c7,vocabulary,verb,3,,,,,,,,,,,,,,,,,,,,,,,,,,,,,,,
vocab-b2-einhaken-9855e916ab,vocabulary,verb,3,,,,,,,,,,,,,,,,,,,,,,,,,,,,,,,
vocab-b2-einhalten-9aedb008c1,vocabulary,verb,3,,,,,,,,,,,,,,,,,,,,,,,,,,,,,,,
vocab-b2-einrasten-11609efbd7,vocabulary,verb,3,,,,,,,,,,,,,,,,,,,,,,,,,,,,,,,
vocab-b2-einrichten-72e4cba482,vocabulary,verb,3,,,,,,,,,,,,,,,,,,,,,,,,,,,,,,,
vocab-b2-einrichten-8815f53b23,vocabulary,verb,3,,,,,,,,,,,,,,,,,,,,,,,,,,,,,,,
vocab-b2-einrichten-dbaf2e41cc,vocabulary,verb,3,,,,,,,,,,,,,,,,,,,,,,,,,,,,,,,
vocab-b2-einschaetzen-9195942eeb,vocabulary,verb,3,,,,,,,,,,,,,,,,,,,,,,,,,,,,,,,
vocab-b2-einsetzen-8a627859be,vocabulary,verb,3,,,,,,,,,,,,,,,,,,,,,,,,,,,,,,,
vocab-b2-einstuerzen-afdcc442e5,vocabulary,verb,3,,,,,,,,,,,,,,,,,,,,,,,,,,,,,,,
vocab-b2-einverstanden-sein-73fb5a1e4a,vocabulary,verb,3,,,,,,,,,,,,,,,,,,,,,,,,,,,,,,,
vocab-b2-einweisung-bekommen-d48163bc5a,vocabulary,noun,3,,,,,,,,,,,,,,,,,,,,,,,,,,,,,,,
vocab-b2-einzelheiten-besprechen-7bba701611,vocabulary,noun,3,,,,,,,,,,,,,,,,,,,,,,,,,,,,,,,
vocab-b2-einzigartig-0d8f1a686d,vocabulary,adjective,3,,,,,,,,,,,,,,,,,,,,,,,,,,,,,,,
vocab-b2-einzigartig-115a6707fa,vocabulary,adjective,3,,,,,,,,,,,,,,,,,,,,,,,,,,,,,,,
vocab-b2-ekelig-cb7dfdf308,vocabulary,adjective,3,,,,,,,,,,,,,,,,,,,,,,,,,,,,,,,
vocab-b2-empfehlen-342bccec96,vocabulary,verb,3,,,,,,,,,,,,,,,,,,,,,,,,,,,,,,,
vocab-b2-entdecken-709cd59ba1,vocabulary,verb,3,,,,,,,,,,,,,,,,,,,,,,,,,,,,,,,
vocab-b2-enthalten-d085ff2086,vocabulary,verb,3,,,,,,,,,,,,,,,,,,,,,,,,,,,,,,,
vocab-b2-entscheiden-f531b0a745,vocabulary,verb,3,,,,,,,,,,,,,,,,,,,,,,,,,,,,,,,
vocab-b2-entsprechen-48b41eda2f,vocabulary,verb,3,,,,,,,,,,,,,,,,,,,,,,,,,,,,,,,
vocab-b2-entstehen-78a2610f27,vocabulary,verb,3,,,,,,,,,,,,,,,,,,,,,,,,,,,,,,,
vocab-b2-erben-a05bd13a50,vocabulary,verb,3,,,,,,,,,,,,,,,,,,,,,,,,,,,,,,,
vocab-b2-erfahrungen-sammeln-49d0cc5bda,vocabulary,noun,3,,,,,,,,,,,,,,,,,,,,,,,,,,,,,,,
vocab-b2-erfragen-ee258b59d4,vocabulary,verb,3,,,,,,,,,,,,,,,,,,,,,,,,,,,,,,,
vocab-b2-ergebnisse-praesentieren-f3e6a79430,vocabulary,noun,3,,,,,,,,,,,,,,,,,,,,,,,,,,,,,,,
vocab-b2-erhaeltlich-sein-8233871e1e,vocabulary,verb,3,,,,,,,,,,,,,,,,,,,,,,,,,,,,,,,
vocab-b2-erheblich-141b5720ae,vocabulary,adjective,3,,,,,,,,,,,,,,,,,,,,,,,,,,,,,,,
vocab-b2-erkunden-2db59e0e2c,vocabulary,verb,3,,,,,,,,,,,,,,,,,,,,,,,,,,,,,,,
vocab-b2-ernst-nehmen-f914517fa4,vocabulary,verb,3,,,,,,,,,,,,,,,,,,,,,,,,,,,,,,,
vocab-b2-erregen-48d64c8063,vocabulary,verb,3,,,,,,,,,,,,,,,,,,,,,,,,,,,,,,,
vocab-b2-erscheinen-31a7db13e2,vocabulary,verb,3,,,,,,,,,,,,,,,,,,,,,,,,,,,,,,,
vocab-b2-ersetzen-020e65d5aa,vocabulary,verb,3,,,,,,,,,,,,,,,,,,,,,,,,,,,,,,,
vocab-b2-erstaunlich-bc92705fee,vocabulary,adjective,3,,,,,,,,,,,,,,,,,,,,,,,,,,,,,,,
vocab-b2-erste-hilfe-leisten-d9bfcedf04,vocabulary,noun,3,,,,,,,,,,,,,,,,,,,,,,,,,,,,,,,
vocab-b2-erwerben-21f9880bcf,vocabulary,verb,3,,,,,,,,,,,,,,,,,,,,,,,,,,,,,,,
vocab-b2-erwerben-bc96b67ebf,vocabulary,verb,3,,,,,,,,,,,,,,,,,,,,,,,,,,,,,,,
vocab-b2-erwischen-dc4dc88a8b,vocabulary,verb,3,,,,,,,,,,,,,,,,,,,,,,,,,,,,,,,
vocab-b2-erzeugen-73dafe25cf,vocabulary,verb,3,,,,,,,,,,,,,,,,,,,,,,,,,,,,,,,
vocab-b2-etw-als-gegenstandslos-betrachten-c48ce8ab0f,vocabulary,verb,3,,,,,,,,,,,,,,,,,,,,,,,,,,,,,,,
vocab-b2-etw-bedauern-3c35332a58,vocabulary,verb,3,,,,,,,,,,,,,,,,,,,,,,,,,,,,,,,
vocab-b2-etw-bedauern-573180e232,vocabulary,verb,3,,,,,,,,,,,,,,,,,,,,,,,,,,,,,,,
vocab-b2-etw-verallgemeinern-6cb9de60d9,vocabulary,verb,3,,,,,,,,,,,,,,,,,,,,,,,,,,,,,,,
vocab-b2-etw-weitergeben-6db3372d4b,vocabulary,verb,3,,,,,,,,,,,,,,,,,,,,,,,,,,,,,,,
vocab-b2-etw-weitergeben-a20d30c138,vocabulary,verb,3,,,,,,,,,,,,,,,,,,,,,,,,,,,,,,,
vocab-b2-etw-wiedergutmachen-eb35b897cd,vocabulary,verb,3,,,,,,,,,,,,,,,,,,,,,,,,,,,,,,,
vocab-b2-euro-ausgeben-c2e171d185,vocabulary,verb,3,,,,,,,,,,,,,,,,,,,,,,,,,,,,,,,
vocab-b2-fachleute-fachkraefte-pl-b89397b7e8,vocabulary,noun,3,,,,,,,,,,,,,,,,,,,,,,,,,,,,,,,
vocab-b2-familienfreundlich-13a63d3e14,vocabulary,adjective,3,,,,,,,,,,,,,,,,,,,,,,,,,,,,,,,
vocab-b2-fassen-70194405fc,vocabulary,verb,3,,,,,,,,,,,,,,,,,,,,,,,,,,,,,,,
vocab-b2-fehlerhaft-c7d294e61c,vocabulary,adjective,3,,,,,,,,,,,,,,,,,,,,,,,,,,,,,,,
vocab-b2-feste-arbeitszeiten-eaa58c5062,vocabulary,verb,3,,,,,,,,,,,,,,,,,,,,,,,,,,,,,,,
vocab-b2-festlegen-5a42590670,vocabulary,verb,3,,,,,,,,,,,,,,,,,,,,,,,,,,,,,,,
vocab-b2-feststellen-cd87bdc0d3,vocabulary,verb,3,,,,,,,,,,,,,,,,,,,,,,,,,,,,,,,
vocab-b2-finanzielle-unterstuetzung-beantragen-00b9f253dd,vocabulary,verb,3,,,,,,,,,,,,,,,,,,,,,,,,,,,,,,,
vocab-b2-fix-und-fertig-sein-af49b83e55,vocabulary,verb,3,,,,,,,,,,,,,,,,,,,,,,,,,,,,,,,
vocab-b2-flexible-arbeitszeiten-75578f020b,vocabulary,verb,3,,,,,,,,,,,,,,,,,,,,,,,,,,,,,,,
vocab-b2-fliessen-e9974b55f3,vocabulary,verb,3,,,,,,,,,,,,,,,,,,,,,,,,,,,,,,,
vocab-b2-fluestern-0583cbdced,vocabulary,verb,3,,,,,,,,,,,,,,,,,,,,,,,,,,,,,,,
vocab-b2-foerdern-8e4d1e4483,vocabulary,verb,3,,,,,,,,,,,,,,,,,,,,,,,,,,,,,,,
vocab-b2-foermlich-b3c396f6c4,vocabulary,adjective,3,,,,,,,,,,,,,,,,,,,,,,,,,,,,,,,
vocab-b2-fordern-foerdern-7ecab1982e,vocabulary,verb,3,,,,,,,,,,,,,,,,,,,,,,,,,,,,,,,
vocab-b2-fortlaufen-8421f14eba,vocabulary,verb,3,,,,,,,,,,,,,,,,,,,,,,,,,,,,,,,
vocab-b2-fortsetzen-521159b0b1,vocabulary,verb,3,,,,,,,,,,,,,,,,,,,,,,,,,,,,,,,
vocab-b2-fressen-0b20dca37f,vocabulary,verb,3,,,,,,,,,,,,,,,,,,,,,,,,,,,,,,,
vocab-b2-fressen-628714c1af,vocabulary,verb,3,,,,,,,,,,,,,,,,,,,,,,,,,,,,,,,
vocab-b2-fuettern-9e9718ec39,vocabulary,verb,3,,,,,,,,,,,,,,,,,,,,,,,,,,,,,,,
vocab-b2-gegenueberstellen-5630f81990,vocabulary,verb,3,,,,,,,,,,,,,,,,,,,,,,,,,,,,,,,
vocab-b2-gegenwaertig-aabbe4d1e4,vocabulary,adjective,3,,,,,,,,,,,,,,,,,,,,,,,,,,,,,,,
vocab-b2-geistig-89cf1c2322,vocabulary,adjective,3,,,,,,,,,,,,,,,,,,,,,,,,,,,,,,,
vocab-b2-gelegentlich-b1b92942ce,vocabulary,adjective,3,,,,,,,,,,,,,,,,,,,,,,,,,,,,,,,
vocab-b2-gelingen-22284b6b58,vocabulary,verb,3,,,,,,,,,,,,,,,,,,,,,,,,,,,,,,,
vocab-b2-gelingen-6e41471875,vocabulary,verb,3,,,,,,,,,,,,,,,,,,,,,,,,,,,,,,,
vocab-b2-gemeinsam-durchgehen-6c109bdf26,vocabulary,verb,3,,,,,,,,,,,,,,,,,,,,,,,,,,,,,,,
vocab-b2-gemuetlich-3e3f67c597,vocabulary,adjective,3,,,,,,,,,,,,,,,,,,,,,,,,,,,,,,,
vocab-b2-gemuetlich-56120b6519,vocabulary,adjective,3,,,,,,,,,,,,,,,,,,,,,,,,,,,,,,,
vocab-b2-gesellschaftlich-anerkannt-sein-adc1636930,vocabulary,verb,3,,,,,,,,,,,,,,,,,,,,,,,,,,,,,,,
vocab-b2-gesellschaftlich-b3d4082cc8,vocabulary,adjective,3,,,,,,,,,,,,,,,,,,,,,,,,,,,,,,,
vocab-b2-gestatten-56413d79b4,vocabulary,verb,3,,,,,,,,,,,,,,,,,,,,,,,,,,,,,,,
vocab-b2-gesundheitliche-probleme-haben-5837f28a19,vocabulary,verb,3,,,,,,,,,,,,,,,,,,,,,,,,,,,,,,,
vocab-b2-gewaltig-d8ec34b05c,vocabulary,adjective,3,,,,,,,,,,,,,,,,,,,,,,,,,,,,,,,
vocab-b2-gewissenhaft-b7a0e1d171,vocabulary,adjective,3,,,,,,,,,,,,,,,,,,,,,,,,,,,,,,,
vocab-b2-gewoehnen-sich-an-a-a289273fd6,vocabulary,verb,3,,,,,,,,,,,,,,,,,,,,,,,,,,,,,,,
vocab-b2-gezielte-fragen-stellen-70556cb637,vocabulary,verb,3,,,,,,,,,,,,,,,,,,,,,,,,,,,,,,,
vocab-b2-gezwungen-sein-5f307ec427,vocabulary,verb,3,,,,,,,,,,,,,,,,,,,,,,,,,,,,,,,
vocab-b2-gezwungen-sein-a82647d2f5,vocabulary,verb,3,,,,,,,,,,,,,,,,,,,,,,,,,,,,,,,
vocab-b2-greifen-4201bede69,vocabulary,verb,3,,,,,,,,,,,,,,,,,,,,,,,,,,,,,,,
vocab-b2-gruendlich-zaehne-putzen-9ab2e58db0,vocabulary,verb,3,,,,,,,,,,,,,,,,,,,,,,,,,,,,,,,
vocab-b2-gut-schlecht-anlaufen-307d9c07b6,vocabulary,verb,3,,,,,,,,,,,,,,,,,,,,,,,,,,,,,,,
vocab-b2-gut-schlecht-wirtschaften-6f4db99b19,vocabulary,verb,3,,,,,,,,,,,,,,,,,,,,,,,,,,,,,,,
vocab-b2-handwerklich-c4b515b3e1,vocabulary,adjective,3,,,,,,,,,,,,,,,,,,,,,,,,,,,,,,,
vocab-b2-heimisch-c571feea05,vocabulary,adjective,3,,,,,,,,,,,,,,,,,,,,,,,,,,,,,,,
vocab-b2-herausfinden-68e4fc8241,vocabulary,verb,3,,,,,,,,,,,,,,,,,,,,,,,,,,,,,,,
vocab-b2-herrenlos-daada4da51,vocabulary,adjective,3,,,,,,,,,,,,,,,,,,,,,,,,,,,,,,,
vocab-b2-herunterladen-afce1b17b5,vocabulary,verb,3,,,,,,,,,,,,,,,,,,,,,,,,,,,,,,,
vocab-b2-hervorgehen-48cdf019c5,vocabulary,verb,3,,,,,,,,,,,,,,,,,,,,,,,,,,,,,,,
vocab-b2-herzhaft-1b73773dad,vocabulary,adjective,3,,,,,,,,,,,,,,,,,,,,,,,,,,,,,,,
vocab-b2-hinfallen-f8424abfe6,vocabulary,verb,3,,,,,,,,,,,,,,,,,,,,,,,,,,,,,,,
vocab-b2-hinlegen-sich-b1e6801c01,vocabulary,verb,3,,,,,,,,,,,,,,,,,,,,,,,,,,,,,,,
vocab-b2-hinsetzen-sich-e0e9535ced,vocabulary,verb,3,,,,,,,,,,,,,,,,,,,,,,,,,,,,,,,
vocab-b2-hinweisen-auf-akk-6013a53acf,vocabulary,verb,3,,,,,,,,,,,,,,,,,,,,,,,,,,,,,,,
vocab-b2-im-freien-875881a29b,vocabulary,verb,3,,,,,,,,,,,,,,,,,,,,,,,,,,,,,,,
vocab-b2-im-homeoffice-arbeiten-8d559f4277,vocabulary,verb,3,,,,,,,,,,,,,,,,,,,,,,,,,,,,,,,
vocab-b2-in-bar-bezahlen-600bd89497,vocabulary,verb,3,,,,,,,,,,,,,,,,,,,,,,,,,,,,,,,
vocab-b2-in-der-verwaltung-arbeiten-245dd16d7d,vocabulary,verb,3,,,,,,,,,,,,,,,,,,,,,,,,,,,,,,,
vocab-b2-in-dringenden-faellen-4a993805e8,vocabulary,verb,3,,,,,,,,,,,,,,,,,,,,,,,,,,,,,,,
vocab-b2-in-gefahr-bringen-132905de49,vocabulary,verb,3,,,,,,,,,,,,,,,,,,,,,,,,,,,,,,,
vocab-b2-irren-sich-e91fe0f541,vocabulary,verb,3,,,,,,,,,,,,,,,,,,,,,,,,,,,,,,,
vocab-b2-jeweilig-c070e6193e,vocabulary,adjective,3,,,,,,,,,,,,,,,,,,,,,,,,,,,,,,,
vocab-b2-jmdm-einen-gefallen-tun-9a58f7b274,vocabulary,verb,3,,,,,,,,,,,,,,,,,,,,,,,,,,,,,,,
vocab-b2-jmdm-etw-ausrichten-32b0e2fe49,vocabulary,verb,3,,,,,,,,,,,,,,,,,,,,,,,,,,,,,,,
vocab-b2-jmdn-weiterempfehlen-47204ecb39,vocabulary,verb,3,,,,,,,,,,,,,,,,,,,,,,,,,,,,,,,
vocab-b2-jobben-5f978c6004,vocabulary,verb,3,,,,,,,,,,,,,,,,,,,,,,,,,,,,,,,
vocab-b2-jobben-622286da9e,vocabulary,verb,3,,,,,,,,,,,,,,,,,,,,,,,,,,,,,,,
vocab-b2-karriere-machen-4eacc0265c,vocabulary,noun,3,,,,,,,,,,,,,,,,,,,,,,,,,,,,,,,
vocab-b2-keine-garantie-uebernehmen-390f090f9f,vocabulary,verb,3,,,,,,,,,,,,,,,,,,,,,,,,,,,,,,,
vocab-b2-keine-garantie-uebernehmen-3e7fe6b27f,vocabulary,verb,3,,,,,,,,,,,,,,,,,,,,,,,,,,,,,,,
vocab-b2-keine-zeit-verlieren-503dd77597,vocabulary,verb,3,,,,,,,,,,,,,,,,,,,,,,,,,,,,,,,
vocab-b2-keine-zeit-verschwenden-f8935e42c8,vocabulary,verb,3,,,,,,,,,,,,,,,,,,,,,,,,,,,,,,,
vocab-b2-kleben-83511c9e45,vocabulary,verb,3,,,,,,,,,,,,,,,,,,,,,,,,,,,,,,,
vocab-b2-kleinschrittig-festhalten-effff2d628,vocabulary,verb,3,,,,,,,,,,,,,,,,,,,,,,,,,,,,,,,
vocab-b2-konkurrenzfaehig-3b0a3d034c,vocabulary,adjective,3,,,,,,,,,,,,,,,,,,,,,,,,,,,,,,,
vocab-b2-kostbar-377b4e934b,vocabulary,adjective,3,,,,,,,,,,,,,,,,,,,,,,,,,,,,,,,
vocab-b2-laecherlich-906e69c21d,vocabulary,adjective,3,,,,,,,,,,,,,,,,,,,,,,,,,,,,,,,
vocab-b2-lebhaft-00bf5ccad8,vocabulary,adjective,3,,,,,,,,,,,,,,,,,,,,,,,,,,,,,,,
vocab-b2-leichtfallen-e7b8fa8243,vocabulary,verb,3,,,,,,,,,,,,,,,,,,,,,,,,,,,,,,,
vocab-b2-leistungshoch-tief-85444e0559,vocabulary,noun,3,,,,,,,,,,,,,,,,,,,,,,,,,,,,,,,
vocab-b2-lohnen-sich-e0cba9488a,vocabulary,verb,3,,,,,,,,,,,,,,,,,,,,,,,,,,,,,,,
vocab-b2-maehen-20ba5c3db1,vocabulary,verb,3,,,,,,,,,,,,,,,,,,,,,,,,,,,,,,,
vocab-b2-mailen-fff4b1b027,vocabulary,verb,3,,,,,,,,,,,,,,,,,,,,,,,,,,,,,,,
vocab-b2-massgeblich-fcdb893e9e,vocabulary,adjective,3,,,,,,,,,,,,,,,,,,,,,,,,,,,,,,,
vocab-b2-merkwuerdig-9ffbf0179e,vocabulary,adjective,3,,,,,,,,,,,,,,,,,,,,,,,,,,,,,,,
vocab-b2-merkwuerdig-df3bdf19f0,vocabulary,adjective,3,,,,,,,,,,,,,,,,,,,,,,,,,,,,,,,
vocab-b2-mitteilen-879a70e4c1,vocabulary,verb,3,,,,,,,,,,,,,,,,,,,,,,,,,,,,,,,
vocab-b2-motivation-steigern-947ea7d709,vocabulary,noun,3,,,,,,,,,,,,,,,,,,,,,,,,,,,,,,,
vocab-b2-nach-dem-aktuellen-stand-fragen-eabe44eb3c,vocabulary,verb,3,,,,,,,,,,,,,,,,,,,,,,,,,,,,,,,
vocab-b2-nachdenken-ueber-45c2035c63,vocabulary,verb,3,,,,,,,,,,,,,,,,,,,,,,,,,,,,,,,
vocab-b2-nachfragen-02f216c94b,vocabulary,verb,3,,,,,,,,,,,,,,,,,,,,,,,,,,,,,,,
vocab-b2-nachfragen-b9d1de059b,vocabulary,verb,3,,,,,,,,,,,,,,,,,,,,,,,,,,,,,,,
vocab-b2-nachfragen-cd5dbfa5a3,vocabulary,verb,3,,,,,,,,,,,,,,,,,,,,,,,,,,,,,,,
vocab-b2-nachholen-43f878370c,vocabulary,verb,3,,,,,,,,,,,,,,,,,,,,,,,,,,,,,,,
vocab-b2-nachholen-e73581f4e9,vocabulary,verb,3,,,,,,,,,,,,,,,,,,,,,,,,,,,,,,,
vocab-b2-nachlassen-d836038c7b,vocabulary,verb,3,,,,,,,,,,,,,,,,,,,,,,,,,,,,,,,
vocab-b2-nachvollziehen-a17777c914,vocabulary,verb,3,,,,,,,,,,,,,,,,,,,,,,,,,,,,,,,
vocab-b2-nachweisen-09c98dfc32,vocabulary,verb,3,,,,,,,,,,,,,,,,,,,,,,,,,,,,,,,
vocab-b2-navigieren-0b864cba96,vocabulary,verb,3,,,,,,,,,,,,,,,,,,,,,,,,,,,,,,,
vocab-b2-nicht-den-angaben-entsprechen-1cf67fef5a,vocabulary,verb,3,,,,,,,,,,,,,,,,,,,,,,,,,,,,,,,
vocab-b2-nicht-wieder-vorkommen-8001e11dbd,vocabulary,verb,3,,,,,,,,,,,,,,,,,,,,,,,,,,,,,,,
vocab-b2-nichts-zu-verschenken-haben-437fff6a0b,vocabulary,verb,3,,,,,,,,,,,,,,,,,,,,,,,,,,,,,,,
vocab-b2-notizen-machen-f059b4efc1,vocabulary,noun,3,,,,,,,,,,,,,,,,,,,,,,,,,,,,,,,
vocab-b2-papiere-dabeihaben-1f0ef092b9,vocabulary,noun,3,,,,,,,,,,,,,,,,,,,,,,,,,,,,,,,
vocab-b2-pech-5a8bc5a47d,vocabulary,noun,3,,,,,,,,,,,,,,,,,,,,,,,,,,,,,,,
vocab-b2-per-du-sie-sein-9250688889,vocabulary,verb,3,,,,,,,,,,,,,,,,,,,,,,,,,,,,,,,
vocab-b2-persoenlich-vorbeikommen-c612919974,vocabulary,verb,3,,,,,,,,,,,,,,,,,,,,,,,,,,,,,,,
vocab-b2-pflegen-c67fefacab,vocabulary,verb,3,,,,,,,,,,,,,,,,,,,,,,,,,,,,,,,
vocab-b2-pflicht-sein-3bc15590ed,vocabulary,noun,3,,,,,,,,,,,,,,,,,,,,,,,,,,,,,,,
vocab-b2-pflicht-sein-ff24287949,vocabulary,noun,3,,,,,,,,,,,,,,,,,,,,,,,,,,,,,,,
vocab-b2-praesenz-zeigen-1be010c3ae,vocabulary,noun,3,,,,,,,,,,,,,,,,,,,,,,,,,,,,,,,
vocab-b2-prioritaet-haben-3ea00e8a0d,vocabulary,noun,3,,,,,,,,,,,,,,,,,,,,,,,,,,,,,,,
vocab-b2-produkte-praesentieren-037859c588,vocabulary,noun,3,,,,,,,,,,,,,,,,,,,,,,,,,,,,,,,
vocab-b2-produktionsschritte-planen-19fe5ea130,vocabulary,noun,3,,,,,,,,,,,,,,,,,,,,,,,,,,,,,,,
vocab-b2-produzieren-17c7eb3166,vocabulary,verb,3,,,,,,,,,,,,,,,,,,,,,,,,,,,,,,,
vocab-b2-protokollieren-5edd23977c,vocabulary,verb,3,,,,,,,,,,,,,,,,,,,,,,,,,,,,,,,
vocab-b2-prozesse-definieren-b2f7cc93f3,vocabulary,noun,3,,,,,,,,,,,,,,,,,,,,,,,,,,,,,,,
vocab-b2-publizieren-650ecf5368,vocabulary,verb,3,,,,,,,,,,,,,,,,,,,,,,,,,,,,,,,
vocab-b2-qualitaet-sicherstellen-7630308a81,vocabulary,noun,3,,,,,,,,,,,,,,,,,,,,,,,,,,,,,,,
vocab-b2-quatsch-d1a82df4dc,vocabulary,noun,3,,,,,,,,,,,,,,,,,,,,,,,,,,,,,,,
vocab-b2-quittungen-aufheben-3f99eaa7bc,vocabulary,noun,3,,,,,,,,,,,,,,,,,,,,,,,,,,,,,,,
vocab-b2-quittungen-aufheben-f76d542b7f,vocabulary,noun,3,,,,,,,,,,,,,,,,,,,,,,,,,,,,,,,
vocab-b2-raeumen-dd79ecb1ca,vocabulary,verb,3,,,,,,,,,,,,,,,,,,,,,,,,,,,,,,,
vocab-b2-recht-bekommen-1fdfd9bc9e,vocabulary,verb,3,,,,,,,,,,,,,,,,,,,,,,,,,,,,,,,
vocab-b2-reduzieren-bda0c4538b,vocabulary,verb,3,,,,,,,,,,,,,,,,,,,,,,,,,,,,,,,
vocab-b2-reibungslos-c97cdd8aea,vocabulary,adjective,3,,,,,,,,,,,,,,,,,,,,,,,,,,,,,,,
vocab-b2-respektlos-1ac582b11e,vocabulary,adjective,3,,,,,,,,,,,,,,,,,,,,,,,,,,,,,,,
vocab-b2-richten-nach-d-dd7c97ad0f,vocabulary,verb,3,,,,,,,,,,,,,,,,,,,,,,,,,,,,,,,
vocab-b2-riesig-768168d554,vocabulary,adjective,3,,,,,,,,,,,,,,,,,,,,,,,,,,,,,,,
vocab-b2-rueckfragen-stellen-b41c47f501,vocabulary,noun,3,,,,,,,,,,,,,,,,,,,,,,,,,,,,,,,
vocab-b2-sachen-abarbeiten-7740be82e8,vocabulary,noun,3,,,,,,,,,,,,,,,,,,,,,,,,,,,,,,,
vocab-b2-sachlich-bleiben-4994dd9494,vocabulary,verb,3,,,,,,,,,,,,,,,,,,,,,,,,,,,,,,,
vocab-b2-schlecht-gelaunt-sein-019207e76c,vocabulary,verb,3,,,,,,,,,,,,,,,,,,,,,,,,,,,,,,,
vocab-b2-schlucken-c96efa2e10,vocabulary,verb,3,,,,,,,,,,,,,,,,,,,,,,,,,,,,,,,
vocab-b2-schmerzen-aushalten-ebe5d25fd0,vocabulary,noun,3,,,,,,,,,,,,,,,,,,,,,,,,,,,,,,,
vocab-b2-schreien-f4d26fe41f,vocabulary,verb,3,,,,,,,,,,,,,,,,,,,,,,,,,,,,,,,
vocab-b2-schriftlich-dokumentieren-f96ebca9a6,vocabulary,verb,3,,,,,,,,,,,,,,,,,,,,,,,,,,,,,,,
vocab-b2-schriftlich-festhalten-b77570e4fc,vocabulary,verb,3,,,,,,,,,,,,,,,,,,,,,,,,,,,,,,,
vocab-b2-schweben-43ec5fa63c,vocabulary,verb,3,,,,,,,,,,,,,,,,,,,,,,,,,,,,,,,
vocab-b2-schwerfallen-41d8ee80b2,vocabulary,verb,3,,,,,,,,,,,,,,,,,,,,,,,,,,,,,,,
vocab-b2-segeln-c1edeab1cc,vocabulary,verb,3,,,,,,,,,,,,,,,,,,,,,,,,,,,,,,,
vocab-b2-seine-meinung-ausdruecken-6d7ba82ea3,vocabulary,verb,3,,,,,,,,,,,,,,,,,,,,,,,,,,,,,,,
vocab-b2-sich-an-jmdn-wenden-7bc5ff35a3,vocabulary,verb,3,,,,,,,,,,,,,,,,,,,,,,,,,,,,,,,
vocab-b2-sich-arbeitssuchend-melden-e02047d1b0,vocabulary,verb,3,,,,,,,,,,,,,,,,,,,,,,,,,,,,,,,
vocab-b2-sich-auf-das-gespraech-konzentrieren-42cf3f95fa,vocabulary,verb,3,,,,,,,,,,,,,,,,,,,,,,,,,,,,,,,
vocab-b2-sich-auf-eine-anzeige-beziehen-74ffeedfd6,vocabulary,verb,3,,,,,,,,,,,,,,,,,,,,,,,,,,,,,,,
vocab-b2-sich-beruflich-neu-orientieren-68d21abb8e,vocabulary,verb,3,,,,,,,,,,,,,,,,,,,,,,,,,,,,,,,
vocab-b2-sich-beschweren-998b192c64,vocabulary,verb,3,,,,,,,,,,,,,,,,,,,,,,,,,,,,,,,
vocab-b2-sich-engagieren-fuer-f2030f8d54,vocabulary,verb,3,,,,,,,,,,,,,,,,,,,,,,,,,,,,,,,
vocab-b2-sich-entschuldigen-e41e95cc75,vocabulary,verb,3,,,,,,,,,,,,,,,,,,,,,,,,,,,,,,,
vocab-b2-sich-erkundigen-643a51e9e0,vocabulary,verb,3,,,,,,,,,,,,,,,,,,,,,,,,,,,,,,,
vocab-b2-sich-fuer-einen-bewerber-entscheiden-72a81e6580,vocabulary,verb,3,,,,,,,,,,,,,,,,,,,,,,,,,,,,,,,
vocab-b2-sich-gestoert-fuehlen-408702fd88,vocabulary,verb,3,,,,,,,,,,,,,,,,,,,,,,,,,,,,,,,
vocab-b2-sich-in-die-situation-versetzen-1534717797,vocabulary,verb,3,,,,,,,,,,,,,,,,,,,,,,,,,,,,,,,
vocab-b2-sich-in-die-situation-versetzen-7a894f257f,vocabulary,verb,3,,,,,,,,,,,,,,,,,,,,,,,,,,,,,,,
vocab-b2-sich-krankmelden-daff7e88da,vocabulary,verb,3,,,,,,,,,,,,,,,,,,,,,,,,,,,,,,,
vocab-b2-sich-leisten-bf9b28e82f,vocabulary,verb,3,,,,,,,,,,,,,,,,,,,,,,,,,,,,,,,
vocab-b2-sich-richten-nach-6fa4890b80,vocabulary,verb,3,,,,,,,,,,,,,,,,,,,,,,,,,,,,,,,
vocab-b2-sich-selbststaendig-machen-c31032bd94,vocabulary,verb,3,,,,,,,,,,,,,,,,,,,,,,,,,,,,,,,
vocab-b2-sich-ueber-trends-informieren-d3e4bf705f,vocabulary,verb,3,,,,,,,,,,,,,,,,,,,,,,,,,,,,,,,
vocab-b2-sich-ueberfordert-fuehlen-69f9f7f1fa,vocabulary,verb,3,,,,,,,,,,,,,,,,,,,,,,,,,,,,,,,
vocab-b2-sich-um-eine-stelle-bewerben-047696f674,vocabulary,verb,3,,,,,,,,,,,,,,,,,,,,,,,,,,,,,,,
vocab-b2-sich-wenden-an-fb59da3e26,vocabulary,verb,3,,,,,,,,,,,,,,,,,,,,,,,,,,,,,,,
vocab-b2-sich-zu-tode-langweilen-1cb48beebf,vocabulary,verb,3,,,,,,,,,,,,,,,,,,,,,,,,,,,,,,,
vocab-b2-sichern-ac9e748519,vocabulary,verb,3,,,,,,,,,,,,,,,,,,,,,,,,,,,,,,,
vocab-b2-siezen-af3d6c5eb8,vocabulary,verb,3,,,,,,,,,,,,,,,,,,,,,,,,,,,,,,,
vocab-b2-staendig-d42ec2683a,vocabulary,adjective,3,,,,,,,,,,,,,,,,,,,,,,,,,,,,,,,
vocab-b2-stammen-9e08fa446c,vocabulary,verb,3,,,,,,,,,,,,,,,,,,,,,,,,,,,,,,,
vocab-b2-stecken-3677bc232d,vocabulary,verb,3,,,,,,,,,,,,,,,,,,,,,,,,,,,,,,,
vocab-b2-steigen-b80bb41031,vocabulary,verb,3,,,,,,,,,,,,,,,,,,,,,,,,,,,,,,,
vocab-b2-stoeren-1fc00003ca,vocabulary,verb,3,,,,,,,,,,,,,,,,,,,,,,,,,,,,,,,
vocab-b2-streichen-58c4ba9892,vocabulary,verb,3,,,,,,,,,,,,,,,,,,,,,,,,,,,,,,,
vocab-b2-streiten-64242b5a38,vocabulary,verb,3,,,,,,,,,,,,,,,,,,,,,,,,,,,,,,,
vocab-b2-subventionieren-647122e3a2,vocabulary,verb,3,,,,,,,,,,,,,,,,,,,,,,,,,,,,,,,
vocab-b2-tabu-sein-0e8c55a08c,vocabulary,verb,3,,,,,,,,,,,,,,,,,,,,,,,,,,,,,,,
vocab-b2-taeuschen-ac717e968f,vocabulary,verb,3,,,,,,,,,,,,,,,,,,,,,,,,,,,,,,,
vocab-b2-teamfaehig-4575a1b1ab,vocabulary,adjective,3,,,,,,,,,,,,,,,,,,,,,,,,,,,,,,,
vocab-b2-transport-und-logistik-0d582ed229,vocabulary,noun,3,,,,,,,,,,,,,,,,,,,,,,,,,,,,,,,
vocab-b2-ueberfliegen-954329ed77,vocabulary,verb,3,,,,,,,,,,,,,,,,,,,,,,,,,,,,,,,
vocab-b2-uebernehmen-termin-5bb5053a7b,vocabulary,verb,3,,,,,,,,,,,,,,,,,,,,,,,,,,,,,,,
vocab-b2-uebersichtlich-5b5a7a4bbf,vocabulary,adjective,3,,,,,,,,,,,,,,,,,,,,,,,,,,,,,,,
vocab-b2-ueberstehen-1b9bc304a1,vocabulary,verb,3,,,,,,,,,,,,,,,,,,,,,,,,,,,,,,,
vocab-b2-ueberstunden-machen-94888630db,vocabulary,noun,3,,,,,,,,,,,,,,,,,,,,,,,,,,,,,,,
vocab-b2-ueberwiegend-58e4f5b4a0,vocabulary,adverb,3,,,,,,,,,,,,,,,,,,,,,,,,,,,,,,,
vocab-b2-uebrig-sein-6d7923aa14,vocabulary,verb,3,,,,,,,,,,,,,,,,,,,,,,,,,,,,,,,
vocab-b2-uebrigens-54b8a2c119,vocabulary,adverb,3,,,,,,,,,,,,,,,,,,,,,,,,,,,,,,,
vocab-b2-um-etwas-bitten-a28d61617e,vocabulary,verb,3,,,,,,,,,,,,,,,,,,,,,,,,,,,,,,,
vocab-b2-um-verstaendnis-bitten-3f600e5d41,vocabulary,verb,3,,,,,,,,,,,,,,,,,,,,,,,,,,,,,,,
vocab-b2-um-verstaendnis-bitten-bf73706800,vocabulary,verb,3,,,,,,,,,,,,,,,,,,,,,,,,,,,,,,,
vocab-b2-umarmen-19c5b9fe30,vocabulary,verb,3,,,,,,,,,,,,,,,,,,,,,,,,,,,,,,,
vocab-b2-umsatz-machen-eeb6e445b0,vocabulary,noun,3,,,,,,,,,,,,,,,,,,,,,,,,,,,,,,,
vocab-b2-unaufdringlich-637224cab1,vocabulary,adjective,3,,,,,,,,,,,,,,,,,,,,,,,,,,,,,,,
vocab-b2-ungefaehr-2684bc66bb,vocabulary,adverb,3,,,,,,,,,,,,,,,,,,,,,,,,,,,,,,,
vocab-b2-unter-druck-stehen-00f1f010f4,vocabulary,verb,3,,,,,,,,,,,,,,,,,,,,,,,,,,,,,,,
vocab-b2-unterbringen-30156cbba5,vocabulary,verb,3,,,,,,,,,,,,,,,,,,,,,,,,,,,,,,,
vocab-b2-unterbringen-43a8ce3df5,vocabulary,verb,3,,,,,,,,,,,,,,,,,,,,,,,,,,,,,,,
vocab-b2-untergehen-fd4afef32c,vocabulary,verb,3,,,,,,,,,,,,,,,,,,,,,,,,,,,,,,,
vocab-b2-unterlagen-zusammenstellen-b9198d10fd,vocabulary,noun,3,,,,,,,,,,,,,,,,,,,,,,,,,,,,,,,
vocab-b2-unterzeichnen-3cf5a1d358,vocabulary,verb,3,,,,,,,,,,,,,,,,,,,,,,,,,,,,,,,
vocab-b2-unvermeidlich-6b50bc6989,vocabulary,adjective,3,,,,,,,,,,,,,,,,,,,,,,,,,,,,,,,
vocab-b2-unzaehlig-76abbdd7c3,vocabulary,adjective,3,,,,,,,,,,,,,,,,,,,,,,,,,,,,,,,
vocab-b2-verabredung-abkommen-98178a60d4,vocabulary,noun,3,,,,,,,,,,,,,,,,,,,,,,,,,,,,,,,
vocab-b2-verankern-d6a253eb65,vocabulary,verb,3,,,,,,,,,,,,,,,,,,,,,,,,,,,,,,,
vocab-b2-verbessern-b8c9c7e15a,vocabulary,verb,3,,,,,,,,,,,,,,,,,,,,,,,,,,,,,,,
vocab-b2-verbinden-4aa4aea41b,vocabulary,verb,3,,,,,,,,,,,,,,,,,,,,,,,,,,,,,,,
vocab-b2-verdrehen-c147f73eff,vocabulary,verb,3,,,,,,,,,,,,,,,,,,,,,,,,,,,,,,,
vocab-b2-vereinbaren-0d0f466b9e,vocabulary,verb,3,,,,,,,,,,,,,,,,,,,,,,,,,,,,,,,
vocab-b2-verfassen-6fa55cf0d3,vocabulary,verb,3,,,,,,,,,,,,,,,,,,,,,,,,,,,,,,,
vocab-b2-verfolgen-db1994e56a,vocabulary,verb,3,,,,,,,,,,,,,,,,,,,,,,,,,,,,,,,
vocab-b2-verfuegbar-sein-b61e586669,vocabulary,verb,3,,,,,,,,,,,,,,,,,,,,,,,,,,,,,,,
vocab-b2-vergnuegen-sich-946c0fdf5b,vocabulary,verb,3,,,,,,,,,,,,,,,,,,,,,,,,,,,,,,,
vocab-b2-verknuepfen-f54eadd884,vocabulary,verb,3,,,,,,,,,,,,,,,,,,,,,,,,,,,,,,,
vocab-b2-verlaufen-3d44447b0d,vocabulary,verb,3,,,,,,,,,,,,,,,,,,,,,,,,,,,,,,,
vocab-b2-verlegen-termin-9c8e90bf5c,vocabulary,verb,3,,,,,,,,,,,,,,,,,,,,,,,,,,,,,,,
vocab-b2-verletzlich-fcb76043dc,vocabulary,adjective,3,,,,,,,,,,,,,,,,,,,,,,,,,,,,,,,
vocab-b2-vermehren-sich-0a39d3b594,vocabulary,verb,3,,,,,,,,,,,,,,,,,,,,,,,,,,,,,,,
vocab-b2-vermeiden-4409b8143b,vocabulary,verb,3,,,,,,,,,,,,,,,,,,,,,,,,,,,,,,,
vocab-b2-vermeintlich-4d386c61d9,vocabulary,adjective,3,,,,,,,,,,,,,,,,,,,,,,,,,,,,,,,
vocab-b2-vernichten-69a3b1b3d6,vocabulary,verb,3,,,,,,,,,,,,,,,,,,,,,,,,,,,,,,,
vocab-b2-vernuenftig-a5f465a4e7,vocabulary,adjective,3,,,,,,,,,,,,,,,,,,,,,,,,,,,,,,,
vocab-b2-verraten-0ab1518d5a,vocabulary,verb,3,,,,,,,,,,,,,,,,,,,,,,,,,,,,,,,
vocab-b2-verringern-c14638a7fc,vocabulary,verb,3,,,,,,,,,,,,,,,,,,,,,,,,,,,,,,,
vocab-b2-verschwinden-833d6da8b9,vocabulary,verb,3,,,,,,,,,,,,,,,,,,,,,,,,,,,,,,,
vocab-b2-verstaendnis-zeigen-0c987693ce,vocabulary,noun,3,,,,,,,,,,,,,,,,,,,,,,,,,,,,,,,
vocab-b2-verstaendnis-zeigen-418b4352f1,vocabulary,noun,3,,,,,,,,,,,,,,,,,,,,,,,,,,,,,,,
vocab-b2-verstellen-uhr-9d325a4c1d,vocabulary,verb,3,,,,,,,,,,,,,,,,,,,,,,,,,,,,,,,
vocab-b2-vertraglich-vereinbaren-4936559721,vocabulary,verb,3,,,,,,,,,,,,,,,,,,,,,,,,,,,,,,,
vocab-b2-vertraulich-3ff3cf3e12,vocabulary,adjective,3,,,,,,,,,,,,,,,,,,,,,,,,,,,,,,,
vocab-b2-verzeihen-af9f17020d,vocabulary,verb,3,,,,,,,,,,,,,,,,,,,,,,,,,,,,,,,
vocab-b2-verzeihung-a712d7e1ed,vocabulary,noun,3,,,,,,,,,,,,,,,,,,,,,,,,,,,,,,,
vocab-b2-vor-allem-a00f5de8d5,vocabulary,adverb,3,,,,,,,,,,,,,,,,,,,,,,,,,,,,,,,
vocab-b2-vor-kurzem-fb2fe72e93,vocabulary,adverb,3,,,,,,,,,,,,,,,,,,,,,,,,,,,,,,,
vocab-b2-vorankommen-31e76328ad,vocabulary,verb,3,,,,,,,,,,,,,,,,,,,,,,,,,,,,,,,
vocab-b2-vorbeikommen-28fd4f850a,vocabulary,verb,3,,,,,,,,,,,,,,,,,,,,,,,,,,,,,,,
vocab-b2-vorbeikommen-fc1ce2afd5,vocabulary,verb,3,,,,,,,,,,,,,,,,,,,,,,,,,,,,,,,
vocab-b2-vorbereitungen-treffen-1dd420ba9d,vocabulary,noun,3,,,,,,,,,,,,,,,,,,,,,,,,,,,,,,,
vocab-b2-vorgehen-gegen-8f8bd5aea3,vocabulary,verb,3,,,,,,,,,,,,,,,,,,,,,,,,,,,,,,,
vocab-b2-vorhersagbar-46b5b1e604,vocabulary,adjective,3,,,,,,,,,,,,,,,,,,,,,,,,,,,,,,,
vocab-b2-vorkommen-3dd7d928fa,vocabulary,verb,3,,,,,,,,,,,,,,,,,,,,,,,,,,,,,,,
vocab-b2-wagen-05b7fe6d93,vocabulary,verb,3,,,,,,,,,,,,,,,,,,,,,,,,,,,,,,,
vocab-b2-wegfallen-8fb4ee9718,vocabulary,verb,3,,,,,,,,,,,,,,,,,,,,,,,,,,,,,,,
vocab-b2-weglaufen-eeca4f1d7e,vocabulary,verb,3,,,,,,,,,,,,,,,,,,,,,,,,,,,,,,,
vocab-b2-weitergeben-128b79492d,vocabulary,verb,3,,,,,,,,,,,,,,,,,,,,,,,,,,,,,,,
vocab-b2-weitsichtig-6babfb1157,vocabulary,adjective,3,,,,,,,,,,,,,,,,,,,,,,,,,,,,,,,
vocab-b2-wesentlich-07252d51bf,vocabulary,adjective,3,,,,,,,,,,,,,,,,,,,,,,,,,,,,,,,
vocab-b2-wettbewerbsfaehig-83bd3b28c4,vocabulary,adjective,3,,,,,,,,,,,,,,,,,,,,,,,,,,,,,,,
vocab-b2-widersprechen-22dc0401be,vocabulary,verb,3,,,,,,,,,,,,,,,,,,,,,,,,,,,,,,,
vocab-b2-widersprechen-abec79b298,vocabulary,verb,3,,,,,,,,,,,,,,,,,,,,,,,,,,,,,,,
vocab-b2-widerwillig-d350e5d798,vocabulary,adjective,3,,,,,,,,,,,,,,,,,,,,,,,,,,,,,,,
vocab-b2-widmen-d065d7dbec,vocabulary,verb,3,,,,,,,,,,,,,,,,,,,,,,,,,,,,,,,
vocab-b2-wiederherstellen-307c31be5c,vocabulary,verb,3,,,,,,,,,,,,,,,,,,,,,,,,,,,,,,,
vocab-b2-wischen-00d9a3a64c,vocabulary,verb,3,,,,,,,,,,,,,,,,,,,,,,,,,,,,,,,
vocab-b2-wohingegen-dc08ec8505,vocabulary,verb,3,,,,,,,,,,,,,,,,,,,,,,,,,,,,,,,
vocab-b2-wuerfeln-64a205eff1,vocabulary,verb,3,,,,,,,,,,,,,,,,,,,,,,,,,,,,,,,
vocab-b2-zahlbar-innerhalb-von-tagen-e70a1798f4,vocabulary,verb,3,,,,,,,,,,,,,,,,,,,,,,,,,,,,,,,
vocab-b2-zerstoeren-732b425a69,vocabulary,verb,3,,,,,,,,,,,,,,,,,,,,,,,,,,,,,,,
vocab-b2-zierlich-55de3b9cf3,vocabulary,adjective,3,,,,,,,,,,,,,,,,,,,,,,,,,,,,,,,
vocab-b2-zoomen-2ef2a27887,vocabulary,verb,3,,,,,,,,,,,,,,,,,,,,,,,,,,,,,,,
vocab-b2-zufaellig-c559f7c15e,vocabulary,adjective,3,,,,,,,,,,,,,,,,,,,,,,,,,,,,,,,
vocab-b2-zufrieden-sein-mit-f69a16b138,vocabulary,verb,3,,,,,,,,,,,,,,,,,,,,,,,,,,,,,,,
vocab-b2-zufuegen-ddc39713b8,vocabulary,verb,3,,,,,,,,,,,,,,,,,,,,,,,,,,,,,,,
vocab-b2-zunehmen-abnehmen-8a4da04533,vocabulary,verb,3,,,,,,,,,,,,,,,,,,,,,,,,,,,,,,,
vocab-b2-zur-kasse-begleiten-6c1d65abe3,vocabulary,verb,3,,,,,,,,,,,,,,,,,,,,,,,,,,,,,,,
vocab-b2-zur-verfuegung-stehen-11d1e3ca57,vocabulary,verb,3,,,,,,,,,,,,,,,,,,,,,,,,,,,,,,,
vocab-b2-zurueckkehren-0d2d02af29,vocabulary,verb,3,,,,,,,,,,,,,,,,,,,,,,,,,,,,,,,
vocab-b2-zuruecktreten-8bbe47c0d4,vocabulary,verb,3,,,,,,,,,,,,,,,,,,,,,,,,,,,,,,,
vocab-b2-zurueckziehen-36d57a5c93,vocabulary,verb,3,,,,,,,,,,,,,,,,,,,,,,,,,,,,,,,
vocab-b2-zusammenfassen-688b178236,vocabulary,verb,3,,,,,,,,,,,,,,,,,,,,,,,,,,,,,,,
vocab-b2-zusammenstossen-e5da73d5ac,vocabulary,verb,3,,,,,,,,,,,,,,,,,,,,,,,,,,,,,,,
vocab-b2-zusammenzaehlen-4efd61ead2,vocabulary,verb,3,,,,,,,,,,,,,,,,,,,,,,,,,,,,,,,
vocab-b2-zustaendig-sein-bc08fdaa74,vocabulary,verb,3,,,,,,,,,,,,,,,,,,,,,,,,,,,,,,,
vocab-b2-zustehen-4061b6c652,vocabulary,verb,3,,,,,,,,,,,,,,,,,,,,,,,,,,,,,,,
vocab-b2-zustimmen-0e6c442395,vocabulary,verb,3,,,,,,,,,,,,,,,,,,,,,,,,,,,,,,,
vocab-b2-zustimmen-6b9668d458,vocabulary,verb,3,,,,,,,,,,,,,,,,,,,,,,,,,,,,,,,
vocab-b2-zustimmen-94201031b2,vocabulary,verb,3,,,,,,,,,,,,,,,,,,,,,,,,,,,,,,,
vocab-b2-zustimmen-d7588f3c86,vocabulary,verb,3,,,,,,,,,,,,,,,,,,,,,,,,,,,,,,,
vocab-b2-zutrauen-607ed43221,vocabulary,verb,3,,,,,,,,,,,,,,,,,,,,,,,,,,,,,,,
vocab-b2-zuverlaessig-023681076d,vocabulary,adjective,3,,,,,,,,,,,,,,,,,,,,,,,,,,,,,,,
vocab-b2-zweckmaessig-401cd8cfd5,vocabulary,adjective,3,,,,,,,,,,,,,,,,,,,,,,,,,,,,,,,
vocab-b2-zwingen-3eb6b62df2,vocabulary,verb,3,,,,,,,,,,,,,,,,,,,,,,,,,,,,,,,