id,type,term,sense,translation,example_de,example_en,levels,part_of_speech,native_frequency_rating,native_frequency_label,native_frequency_notes,rated_by,rated_at,corpus_rank,register,regional_labels,contexts,tags,gender,plural,genitive_singular,is_reflexive,is_separable,auxiliary,present_er_sie_es,praeteritum,partizip_ii,valency,collocations,synonyms,antonyms,false_friends,source_name,source_url,review_status
4227,idiom,"Da liegt der Hund begraben","Das ist der entscheidende oder problematische Punkt einer Sache.","that's the crux of the matter","Ich glaube, da liegt der Hund begraben.","I think that's the crux of the matter.","B2|C1","Redewendung",3,"common","Well-known and understood by native speakers; used in speech and writing.","German teacher judgment","2026-09-30","","neutral","","general|discussion|problem solving","idiom|figurative","","","","false","false","","","","","subject + da liegt der Hund begraben","den Hund begraben","das ist der Knackpunkt|da liegt der Hase im Pfeffer","","","common German usage","","reviewed"
4228,idiom,"die Daumen drücken","Jemandem Glück wünschen.","to keep one's fingers crossed","Ich drücke dir für die Prüfung die Daumen.","I'll keep my fingers crossed for your exam.","A2|B1","Redewendung",5,"very_common","Extremely common in everyday German.","German teacher judgment","2026-09-30","","neutral","","wishes|exams|interviews|good luck","idiom|good_luck","","","","false","false","","","","","jemandem die Daumen drücken","Daumen drücken|ganz fest die Daumen drücken","jemandem die Daumen drücken","","","common German usage","","reviewed"
4229,idiom,"um den heißen Brei herumreden","Nicht direkt sagen, worum es geht, sondern ausweichen.","to beat around the bush","Hör auf, um den heißen Brei herumzureden, und sag mir die Wahrheit.","Stop beating around the bush and tell me the truth.","B2|C1","Redewendung",4,"common","Common when criticizing indirect or evasive speech.","German teacher judgment","2026-09-30","","neutral","","communication|arguments|work","idiom|communication","","","","false","false","","","","","um etwas herumreden","nicht zur Sache kommen|ausweichen","direkt zur Sache kommen","","","common German usage","","reviewed"
4230,idiom,"ein Auge zudrücken","Etwas absichtlich nicht so genau nehmen oder einen Verstoß tolerieren.","to turn a blind eye","Diesmal drücke ich noch ein Auge zu, aber mach das nicht noch einmal.","I'll turn a blind eye this time, but don't do it again.","B2","Redewendung",4,"common","Common in everyday speech, especially about rules or mistakes.","German teacher judgment","2026-09-30","","neutral","","rules|mistakes|tolerance","idiom|tolerance","","","","false","false","","","","","bei etwas ein Auge zudrücken","ein Auge zudrücken|beide Augen zudrücken","","","","common German usage","","reviewed"
4231,idiom,"Schwein haben","Glück haben.","to be lucky","Du hast bei dem Test wirklich Schwein gehabt.","You were really lucky with that test.","B1|B2","Redewendung",4,"common","Colloquial and very common in spoken German.","German teacher judgment","2026-09-30","","colloquial","","luck|unexpected success","idiom|colloquial","","","","false","false","","","","","subject + Schwein haben","Schwein haben|Glück haben","Pech haben","","","common German usage","","reviewed"
4232,idiom,"Tomaten auf den Augen haben","Offensichtliche Dinge nicht sehen oder bemerken.","to be blind to something obvious","Siehst du die Schlüssel dort nicht? Du hast wohl Tomaten auf den Augen!","Can't you see the keys right there? You must be blind!","B1|B2","Redewendung",4,"common","Playful and colloquial; often used jokingly.","German teacher judgment","2026-09-30","","colloquial","","mistakes|jokes|perception","idiom|colloquial|humorous","","","","false","false","","","","","Tomaten auf den Augen haben","blind sein|etwas übersehen","","","","common German usage","","reviewed"
4233,idiom,"die Kirche im Dorf lassen","Nicht übertreiben oder eine Sache unnötig dramatisieren.","to keep things in perspective","Wir sollten die Kirche im Dorf lassen und erst einmal abwarten.","We shouldn't get carried away; let's wait and see.","B2|C1","Redewendung",4,"common","Common expression used to call for moderation.","German teacher judgment","2026-09-30","","neutral","","arguments|decisions|conflict","idiom|moderation","","","","false","false","","","","","die Kirche im Dorf lassen","nicht übertreiben|maßvoll bleiben","","","","common German usage","","reviewed"
4234,idiom,"ins Fettnäpfchen treten","Etwas Peinliches oder Unpassendes sagen oder tun.","to put one's foot in one's mouth","Mit diesem Kommentar bin ich echt ins Fettnäpfchen getreten.","I really put my foot in my mouth with that comment.","B2","Redewendung",4,"common","Very useful for social mistakes and awkward situations.","German teacher judgment","2026-09-30","","neutral","","social situations|mistakes|work","idiom|social|mistake","","","","false","false","","","","","ins Fettnäpfchen treten","einen Fehltritt machen|sich blamieren","","","","common German usage","","reviewed"
4235,idiom,"nur Bahnhof verstehen","Gar nichts oder kaum etwas verstehen.","not to understand a thing","Er hat es erklärt, aber ich habe nur Bahnhof verstanden.","He explained it, but I didn't understand a thing.","B1|B2","Redewendung",5,"very_common","Very common colloquial expression, especially for difficult explanations.","German teacher judgment","2026-09-30","","colloquial","","understanding|work|study","idiom|colloquial","","","","false","false","","","","","nur Bahnhof verstehen","nichts verstehen|keine Ahnung haben","","","","common German usage","","reviewed"
4236,idiom,"zwei Fliegen mit einer Klappe schlagen","Mit einer Handlung zwei Ziele erreichen.","to kill two birds with one stone","Wenn wir jetzt einkaufen gehen, können wir zwei Fliegen mit einer Klappe schlagen.","If we go shopping now, we can kill two birds with one stone.","B1|B2","Redewendung",5,"very_common","Very common and highly useful for explaining efficient actions.","German teacher judgment","2026-09-30","","neutral","","planning|efficiency|daily life","idiom|efficiency","","","","false","false","","","","","zwei Fliegen mit einer Klappe schlagen","zwei Dinge auf einmal erledigen","","","","common German usage","","reviewed"
4237,idiom,"das Haar in der Suppe suchen","Bei etwas Positivem unbedingt einen Fehler oder Nachteil finden wollen.","to look for the negative in something","Du suchst doch immer das Haar in der Suppe!","You're always looking for something negative!","B2","Redewendung",3,"common","Familiar expression, somewhat less frequent than core everyday idioms.","German teacher judgment","2026-09-30","","neutral","","criticism|complaints|evaluation","idiom|criticism","","","","false","false","","","","","das Haar in der Suppe suchen","etwas schlechtreden","","","","common German usage","","reviewed"
4238,idiom,"die Katze im Sack kaufen","Etwas kaufen oder akzeptieren, ohne vorher genau zu wissen, was man bekommt.","to buy a pig in a poke","Ich würde das gebrauchte Auto nie ungeprüft kaufen. Ich will nicht die Katze im Sack kaufen.","I'd never buy the used car without checking it. I don't want to buy a pig in a poke.","B1|B2","Redewendung",4,"common","Common when discussing purchases, offers, contracts or uncertain decisions.","German teacher judgment","2026-09-30","","neutral","","shopping|contracts|decisions","idiom|uncertainty","","","","false","false","","","","","die Katze im Sack kaufen","etwas ungeprüft kaufen","","","","common German usage","","reviewed"
4239,idiom,"jemandem auf den Keks gehen","Jemanden nerven oder stören.","to get on someone's nerves","Sein ständiges Gerede geht mir auf den Keks.","His constant talking is getting on my nerves.","B1|B2","Redewendung",5,"very_common","Very common colloquial expression.","German teacher judgment","2026-09-30","","colloquial","","annoyance|friends|work","idiom|colloquial","","","","false","false","","","","","jemandem auf den Keks gehen","jemandem auf die Nerven gehen|nerven","","","","common German usage","","reviewed"
4240,idiom,"einen Kater haben","Nach zu viel Alkohol am nächsten Tag Beschwerden haben.","to have a hangover","Ich habe gestern zu viel getrunken und habe heute einen Kater.","I drank too much yesterday and have a hangover today.","B1","Redewendung",5,"very_common","Very common everyday expression; literal cat meaning is different.","German teacher judgment","2026-09-30","","colloquial","","alcohol|morning|weekend","idiom|colloquial","","","","false","false","","","","","einen Kater haben","verkatert sein","","","Kater can also mean male cat","common German usage","","reviewed"
4241,idiom,"Bock haben","Lust auf etwas haben.","to be up for something","Hast du Bock, heute Abend ins Kino zu gehen?","Are you up for going to the cinema tonight?","B1","Redewendung",5,"very_common","Very common colloquial German; avoid in formal writing.","German teacher judgment","2026-09-30","","colloquial","","friends|leisure|plans","idiom|colloquial","","","","false","false","","","","","Bock auf etwas haben|Bock haben, etwas zu tun","Lust haben","keinen Bock haben","","","common German usage","","reviewed"
4242,idiom,"sich zum Affen machen","Sich lächerlich machen oder sich selbst blamieren.","to make a fool of oneself","Ich habe mich auf der Party komplett zum Affen gemacht.","I completely made a fool of myself at the party.","B1|B2","Redewendung",4,"common","Common colloquial expression, often self-deprecating.","German teacher judgment","2026-09-30","","colloquial","","embarrassment|social situations","idiom|colloquial","","","","true","false","","","","","sich zum Affen machen","sich blamieren|sich lächerlich machen","","","","common German usage","","reviewed"
4243,idiom,"die Ohren steif halten","Durchhalten und sich nicht entmutigen lassen.","to hang in there","Halt die Ohren steif, es wird wieder besser.","Hang in there, things will get better.","B1|B2","Redewendung",4,"common","Common encouraging expression, especially in spoken German.","German teacher judgment","2026-09-30","","colloquial","","encouragement|difficulties|farewells","idiom|encouragement","","","","false","false","","","","","die Ohren steif halten","durchhalten|Kopf hoch","","","","common German usage","","reviewed"
4244,idiom,"einen Bock schießen","Einen deutlichen oder peinlichen Fehler machen.","to make a blunder","Bei der Präsentation hat er wirklich einen Bock geschossen.","He really made a blunder in the presentation.","B2","Redewendung",3,"common","Colloquial; usually refers to a noticeable mistake.","German teacher judgment","2026-09-30","","colloquial","","mistakes|work|school","idiom|colloquial|mistake","","","","false","false","","","","","einen Bock schießen","einen Fehler machen|Mist bauen","","","","common German usage","","reviewed"
4245,idiom,"sich etwas aus den Fingern saugen","Etwas erfinden, obwohl man keine verlässlichen Informationen hat.","to make something up","Ich kenne die Antwort nicht. Ich müsste sie mir aus den Fingern saugen.","I don't know the answer. I'd have to make something up.","B2","Redewendung",4,"common","Common when someone invents an answer or explanation.","German teacher judgment","2026-09-30","","neutral","","answers|claims|arguments","idiom|inventing","","","","true","false","","","","","sich etwas aus den Fingern saugen","etwas erfinden|sich etwas zusammenreimen","","","","common German usage","","reviewed"
4246,idiom,"auf dem Holzweg sein","Eine falsche Annahme haben oder in die falsche Richtung gehen.","to be on the wrong track","Wenn du glaubst, dass das funktioniert, bist du auf dem Holzweg.","If you think that will work, you're on the wrong track.","B2","Redewendung",4,"common","Common metaphor for being mistaken or following the wrong approach.","German teacher judgment","2026-09-30","","neutral","","reasoning|mistakes|problem solving","idiom|mistake","","","","false","false","","","","","auf dem Holzweg sein","sich irren|falschliegen","","","","common German usage","","reviewed"
4247,idiom,"das Handtuch werfen","Aufgeben.","to throw in the towel","Nach drei gescheiterten Versuchen hat er das Handtuch geworfen.","After three failed attempts, he threw in the towel.","B1|B2","Redewendung",5,"very_common","Very common metaphor for giving up.","German teacher judgment","2026-09-30","","neutral","","failure|sports|work|goals","idiom|giving_up","","","","false","false","","","","","das Handtuch werfen","aufgeben|kapitulieren","weitermachen|durchhalten","","","common German usage","","reviewed"
4248,idiom,"Schnee von gestern","Etwas Vergangenes, das nicht mehr wichtig ist.","water under the bridge","Unser Streit ist Schnee von gestern.","Our argument is water under the bridge.","B1|B2","Redewendung",5,"very_common","Very common everyday expression for something no longer relevant.","German teacher judgment","2026-09-30","","neutral","","past|arguments|relationships","idiom|past","","","","false","false","","","","","Schnee von gestern","Vergangenheit|erledigte Sache","","","","common German usage","","reviewed"
4249,idiom,"unter aller Kanone","Sehr schlecht oder völlig unakzeptabel.","terrible|awful","Das Essen in dem Restaurant war unter aller Kanone.","The food at the restaurant was absolutely terrible.","B2","Redewendung",3,"common","Colloquial and somewhat old-fashioned, but still understood and used.","German teacher judgment","2026-09-30","","colloquial","","quality|complaints|performance","idiom|colloquial","","","","false","false","","","","","unter aller Kanone sein","miserabel sein|grottenschlecht sein","","","","common German usage","","reviewed"
4250,idiom,"ins Gras beißen","Sterben; übertragen auch: endgültig kaputtgehen.","to bite the dust|to die","Mein alter Laptop hat endgültig ins Gras gebissen.","My old laptop finally bit the dust.","B2|C1","Redewendung",3,"common","Well-known, but can sound humorous, dramatic or euphemistic.","German teacher judgment","2026-09-30","","colloquial","","death|failure|broken objects","idiom|colloquial","","","","false","false","","","","","ins Gras beißen","sterben|den Geist aufgeben","","","","common German usage","","reviewed"
4251,idiom,"ein Brett vor dem Kopf haben","Etwas Offensichtliches nicht verstehen oder nicht erkennen.","to have a mental block","Ich hatte heute echt ein Brett vor dem Kopf und konnte das Rätsel nicht lösen.","I had a real mental block today and couldn't solve the puzzle.","B1|B2","Redewendung",4,"common","Common colloquial expression for temporarily failing to understand something.","German teacher judgment","2026-09-30","","colloquial","","learning|mistakes|confusion","idiom|colloquial","","","","false","false","","","","","ein Brett vor dem Kopf haben","etwas nicht kapieren|auf dem Schlauch stehen","","","","common German usage","","reviewed"
4252,idiom,"jemandem einen Bären aufbinden","Jemandem eine erfundene Geschichte erzählen oder ihn täuschen wollen.","to pull someone's leg|to tell someone a tall tale","Willst du mir einen Bären aufbinden?","Are you trying to pull my leg?","B2","Redewendung",4,"common","Common when joking about an implausible story or claim.","German teacher judgment","2026-09-30","","colloquial","","jokes|lies|stories","idiom|colloquial","","","","false","false","","","","","jemandem einen Bären aufbinden","jemanden auf den Arm nehmen|jemandem etwas vormachen","","","","common German usage","","reviewed"
4253,idiom,"die Nase voll haben","Etwas satt haben oder genug von etwas haben.","to be fed up with something","Ich habe die Nase voll von diesem schlechten Wetter.","I'm fed up with this bad weather.","B1","Redewendung",5,"very_common","Extremely common colloquial expression.","German teacher judgment","2026-09-30","","colloquial","","annoyance|complaints|daily life","idiom|colloquial","","","","false","false","","","","","die Nase voll haben von","etwas satt haben|genug haben","Lust auf etwas haben","","","common German usage","","reviewed"
4254,idiom,"nicht alle Tassen im Schrank haben","Sich sehr verrückt oder unvernünftig verhalten.","to have a screw loose|to be crazy","Bist du verrückt? Du hast doch nicht alle Tassen im Schrank!","Are you crazy? You must have a screw loose!","B2","Redewendung",4,"common","Colloquial and humorous; can be insulting depending on context.","German teacher judgment","2026-09-30","","colloquial","","jokes|criticism|behavior","idiom|colloquial|humorous","","","","false","false","","","","","nicht alle Tassen im Schrank haben","nicht ganz dicht sein|verrückt sein","","","","common German usage","","reviewed"
4255,idiom,"aus der Haut fahren","Plötzlich sehr wütend werden.","to blow one's top","Mein Chef ist aus der Haut gefahren, als ich wieder zu spät kam.","My boss blew his top when I was late again.","B2","Redewendung",4,"common","Common figurative expression for suddenly becoming very angry.","German teacher judgment","2026-09-30","","neutral","","anger|work|conflict","idiom|anger","","","","false","false","","","","","aus der Haut fahren","ausrasten|sehr wütend werden","","","","common German usage","","reviewed"
4256,idiom,"einen Zahn zulegen","Schneller werden oder sich beeilen.","to speed up|to step it up","Wir müssen einen Zahn zulegen, wenn wir den Zug noch erwischen wollen.","We need to speed up if we want to catch the train.","B1|B2","Redewendung",4,"common","Common in spoken German when urging someone to hurry up.","German teacher judgment","2026-09-30","","colloquial","","time pressure|travel|work","idiom|speed","","","","false","false","","","","","einen Zahn zulegen","sich beeilen|Gas geben","","","","common German usage","","reviewed"
4257,idiom,"jemandem die Stirn bieten","Sich jemandem oder etwas mutig widersetzen.","to stand up to someone","Sie hat dem Mobber endlich die Stirn geboten.","She finally stood up to the bully.","B2|C1","Redewendung",3,"common","Well-known but somewhat more formal than many colloquial idioms.","German teacher judgment","2026-09-30","","neutral","","conflict|courage|work","idiom|courage","","","","false","false","","","","","jemandem die Stirn bieten","sich widersetzen|sich behaupten","","","","common German usage","","reviewed"
4258,idiom,"in den sauren Apfel beißen","Etwas Unangenehmes tun, weil es notwendig ist.","to bite the bullet","Ich will das nicht tun, aber ich muss in den sauren Apfel beißen.","I don't want to do it, but I have to bite the bullet.","B1|B2","Redewendung",5,"very_common","Very common for accepting an unpleasant necessity.","German teacher judgment","2026-09-30","","neutral","","obligations|work|decisions","idiom|necessity","","","","false","false","","","","","in den sauren Apfel beißen","etwas Unangenehmes auf sich nehmen","","","","common German usage","","reviewed"
4259,idiom,"Hals- und Beinbruch","Viel Glück! Besonders vor einer Aufführung, Prüfung oder ähnlichen Situation.","break a leg|good luck","Hals- und Beinbruch für deinen Auftritt heute Abend!","Break a leg at your performance tonight!","B1|B2","Redewendung",4,"common","Fixed good-luck expression; often used before performances or exams.","German teacher judgment","2026-09-30","","colloquial","","performances|exams|good luck","idiom|good_luck","","","","false","false","","","","","Hals- und Beinbruch wünschen","viel Glück|Daumen drücken","","","","common German usage","","reviewed"
4260,idiom,"jemandem auf die Schliche kommen","Herausfinden, was jemand heimlich tut oder plant.","to catch on to someone|to figure someone out","Die Polizei ist ihm schließlich auf die Schliche gekommen.","The police eventually caught on to what he was doing.","B2|C1","Redewendung",3,"common","Common but less frequent in casual daily conversation.","German teacher judgment","2026-09-30","","neutral","","investigation|secrets|crime","idiom|investigation","","","","false","false","","","","","jemandem auf die Schliche kommen","jemanden durchschauen|etwas herausfinden","","","","common German usage","","reviewed"
4261,idiom,"ein Tropfen auf den heißen Stein","Eine viel zu kleine Hilfe oder Menge im Verhältnis zum Problem.","a drop in the ocean","Die Spende ist hilfreich, aber nur ein Tropfen auf den heißen Stein.","The donation helps, but it's only a drop in the ocean.","B2|C1","Redewendung",4,"common","Common in discussions of money, social problems and insufficient measures.","German teacher judgment","2026-09-30","","neutral","","money|problems|social issues","idiom|insufficient","","","","false","false","","","","","ein Tropfen auf den heißen Stein sein","zu wenig sein|nicht ausreichen","","","","common German usage","","reviewed"
4262,idiom,"auf großem Fuß leben","Sehr luxuriös oder mit hohen Ausgaben leben.","to live lavishly","Seit er im Lotto gewonnen hat, lebt er auf großem Fuß.","Since he won the lottery, he lives lavishly.","B2","Redewendung",3,"common","Familiar expression, often used when discussing expensive lifestyles.","German teacher judgment","2026-09-30","","neutral","","money|lifestyle|luxury","idiom|money","","","","false","false","","","","","auf großem Fuß leben","verschwenderisch leben|luxuriös leben","sparsam leben","","","common German usage","","reviewed"
4263,idiom,"den Faden verlieren","Nicht mehr wissen, was man sagen oder erklären wollte.","to lose one's train of thought","Ich wurde kurz abgelenkt und habe den Faden verloren.","I got distracted for a moment and lost my train of thought.","B1|B2","Redewendung",5,"very_common","Very common in conversations, presentations and discussions.","German teacher judgment","2026-09-30","","neutral","","conversation|presentations|study","idiom|communication","","","","false","false","","","","","den Faden verlieren","nicht mehr weiterwissen|den roten Faden verlieren","","","","common German usage","","reviewed"
4264,idiom,"Das ist mir Wurst","Etwas ist einem egal.","I don't care|it's all the same to me","Mir ist es Wurst, was wir heute Abend essen.","I don't care what we eat tonight.","B1","Redewendung",4,"common","Very colloquial; often used with mir ist es Wurst or das ist mir Wurst.","German teacher judgment","2026-09-30","","colloquial","","preferences|food|indifference","idiom|colloquial","","","","false","false","","","","","Mir ist etwas Wurst","egal sein|gleichgültig sein","","","","common German usage","","reviewed"
4265,idiom,"etwas auf die lange Bank schieben","Etwas immer wieder verschieben.","to put something off","Er schiebt seine Hausaufgaben immer bis Sonntagabend auf die lange Bank.","He always puts his homework off until Sunday evening.","B2","Redewendung",4,"common","Common for procrastination and delaying decisions or tasks.","German teacher judgment","2026-09-30","","neutral","","work|study|procrastination","idiom|procrastination","","","","false","false","","","","","etwas auf die lange Bank schieben","etwas aufschieben|hinauszögern","","","","common German usage","","reviewed"
4266,idiom,"jemanden im Regen stehen lassen","Jemanden in einer schwierigen Situation ohne Hilfe lassen.","to leave someone in the lurch","Du kannst mich in dieser Situation doch nicht einfach im Regen stehen lassen!","You can't just leave me in the lurch like this!","B2","Redewendung",4,"common","Common expression about refusing or failing to help someone.","German teacher judgment","2026-09-30","","neutral","","help|conflict|relationships","idiom|help","","","","false","false","","","","","jemanden im Regen stehen lassen","jemanden alleinlassen|jemanden hängen lassen","","","","common German usage","","reviewed"
4267,idiom,"sich in die Haare kriegen","Sich streiten.","to get into an argument","Die beiden kriegen sich ständig wegen Kleinigkeiten in die Haare.","The two of them are constantly arguing over little things.","B2","Redewendung",4,"common","Colloquial expression for people starting an argument.","German teacher judgment","2026-09-30","","colloquial","","arguments|relationships|family","idiom|colloquial","","","","true","false","","","","","sich wegen etwas in die Haare kriegen","sich streiten|sich zanken","","","","common German usage","","reviewed"
4268,idiom,"Es fällt kein Meister vom Himmel","Niemand kann etwas von Anfang an perfekt; man muss üben.","practice makes perfect|nobody is born a master","Üb weiter Gitarre zu spielen. Es fällt kein Meister vom Himmel.","Keep practicing the guitar. Nobody is born a master.","B1|B2","Redewendung",4,"common","Common proverb used to encourage learning and practice.","German teacher judgment","2026-09-30","","neutral","","learning|practice|encouragement","idiom|proverb","","","","false","false","","","","","es fällt kein Meister vom Himmel","Übung macht den Meister","","","","common German usage","","reviewed"
4269,idiom,"die kalte Schulter zeigen","Jemanden bewusst ignorieren oder kühl behandeln.","to give someone the cold shoulder","Sie hat mir gestern auf der Party die kalte Schulter gezeigt.","She gave me the cold shoulder at the party yesterday.","B2","Redewendung",4,"common","Common in relationship and social contexts.","German teacher judgment","2026-09-30","","neutral","","relationships|social situations|conflict","idiom|social","","","","false","false","","","","","jemandem die kalte Schulter zeigen","jemanden ignorieren|kühl behandeln","","","","common German usage","","reviewed"
4270,idiom,"mit dem falschen Fuß aufstehen","Schlecht gelaunt in den Tag starten.","to get up on the wrong side of the bed","Du bist heute so mürrisch. Bist du mit dem falschen Fuß aufgestanden?","You're so grumpy today. Did you get up on the wrong side of the bed?","B1|B2","Redewendung",4,"common","Common and usually humorous or mildly teasing.","German teacher judgment","2026-09-30","","colloquial","","mood|morning|friends","idiom|colloquial","","","","false","false","","","","","mit dem falschen Fuß aufstehen","schlecht gelaunt sein","","","","common German usage","","reviewed"
4271,idiom,"jemandem ein Dorn im Auge sein","Für jemanden sehr störend oder unerwünscht sein.","to be a thorn in someone's side","Der neue Wolkenkratzer ist den Anwohnern ein Dorn im Auge.","The new skyscraper is a thorn in the side of local residents.","B2|C1","Redewendung",4,"common","Common in complaints and discussions of unwanted things.","German teacher judgment","2026-09-30","","neutral","","complaints|neighborhood|work","idiom|complaint","","","","false","false","","","","","jemandem ein Dorn im Auge sein","jemanden stören|jemandem missfallen","","","","common German usage","","reviewed"
4272,idiom,"sich ein Herz fassen","Mut fassen und etwas wagen.","to pluck up the courage","Sie fasste sich ein Herz und fragte ihn endlich nach einem Date.","She plucked up the courage and finally asked him out.","B2","Redewendung",4,"common","Common expression for overcoming hesitation.","German teacher judgment","2026-09-30","","neutral","","courage|dating|decisions","idiom|courage","","","","true","false","","","","","sich ein Herz fassen","Mut fassen|sich überwinden","","","","common German usage","","reviewed"
4273,idiom,"aus einer Mücke einen Elefanten machen","Eine Kleinigkeit stark übertreiben.","to make a mountain out of a molehill","Mach nicht aus einer Mücke einen Elefanten. Das ist nur ein kleiner Kratzer.","Don't make a mountain out of a molehill. It's only a small scratch.","B1|B2","Redewendung",5,"very_common","Very common everyday expression for overreacting.","German teacher judgment","2026-09-30","","neutral","","arguments|mistakes|reactions","idiom|exaggeration","","","","false","false","","","","","aus etwas einen Elefanten machen","übertreiben|dramatisieren","","","","common German usage","","reviewed"
4274,idiom,"den Gürtel enger schnallen","Weniger Geld ausgeben und sparsamer leben müssen.","to tighten one's belt","Wegen der gestiegenen Kosten müssen wir den Gürtel enger schnallen.","Because of rising costs, we have to tighten our belts.","B2","Redewendung",4,"common","Common in financial and economic contexts.","German teacher judgment","2026-09-30","","neutral","","money|economy|household","idiom|money","","","","false","false","","","","","den Gürtel enger schnallen","sparen|weniger ausgeben","","","","common German usage","","reviewed"
4275,idiom,"auf Nummer sicher gehen","Etwas tun, um ein Risiko möglichst zu vermeiden.","to play it safe","Ich gehe lieber auf Nummer sicher und nehme einen Regenschirm mit.","I'd rather play it safe and take an umbrella.","B1","Redewendung",5,"very_common","Extremely useful everyday expression.","German teacher judgment","2026-09-30","","neutral","","planning|risk|daily life","idiom|risk","","","","false","false","","","","","auf Nummer sicher gehen","vorsichtig sein|kein Risiko eingehen","","","","common German usage","","reviewed"
4276,idiom,"etwas auf die Reihe kriegen","Etwas erfolgreich organisieren oder bewältigen.","to manage to get something done","Keine Sorge, ich kriege das schon auf die Reihe.","Don't worry, I'll manage to sort it out.","B1|B2","Redewendung",5,"very_common","Very common colloquial expression, especially in spoken German.","German teacher judgment","2026-09-30","","colloquial","","work|organization|problems","idiom|colloquial|success","","","","false","false","","","","","etwas auf die Reihe kriegen","etwas schaffen|etwas hinkriegen","","","","common German usage","","reviewed"
4277,idiom,"auf dem Schlauch stehen","Vorübergehend etwas nicht verstehen oder keine Lösung sehen.","to be at a loss|to have a mental block","Ich stehe gerade total auf dem Schlauch. Kannst du mir das noch einmal erklären?","I'm completely at a loss right now. Can you explain it again?","B1|B2","Redewendung",5,"very_common","Very common colloquial expression, especially for temporary confusion.","German teacher judgment","2026-09-30","","colloquial","","study|work|confusion","idiom|colloquial","","","","false","false","","","","","auf dem Schlauch stehen","nicht weiterwissen|etwas nicht kapieren","","","","common German usage","","reviewed"
4278,idiom,"den Nagel auf den Kopf treffen","Etwas genau richtig erkennen oder ausdrücken.","to hit the nail on the head","Mit deiner Analyse hast du den Nagel auf den Kopf getroffen.","Your analysis hit the nail on the head.","B2","Redewendung",5,"very_common","Very common in discussions, feedback and analysis.","German teacher judgment","2026-09-30","","neutral","","discussion|analysis|feedback","idiom|accuracy","","","","false","false","","","","","den Nagel auf den Kopf treffen","genau richtig liegen|den Kern treffen","","","","common German usage","","reviewed"
4279,idiom,"etwas im Griff haben","Eine Situation kontrollieren oder gut bewältigen können.","to have something under control","Keine Sorge, ich habe die Situation im Griff.","Don't worry, I have the situation under control.","B1","Redewendung",5,"very_common","Extremely common everyday expression.","German teacher judgment","2026-09-30","","neutral","","work|problems|organization","idiom|control","","","","false","false","","","","","etwas im Griff haben","etwas unter Kontrolle haben|mit etwas klarkommen","","","","common German usage","","reviewed"
4280,idiom,"Nägel mit Köpfen machen","Etwas endgültig und konkret entscheiden oder umsetzen.","to make a firm decision|to get serious","Jetzt sollten wir Nägel mit Köpfen machen und den Termin festlegen.","We should make a firm decision now and set the date.","B2","Redewendung",4,"common","Very useful when moving from discussion to concrete action.","German teacher judgment","2026-09-30","","neutral","","decisions|planning|work","idiom|decision","","","","false","false","","","","","Nägel mit Köpfen machen","eine Entscheidung treffen|etwas festmachen","","","","common German usage","","reviewed"
4281,idiom,"die Kurve kriegen","Eine schwierige Situation noch rechtzeitig verbessern oder etwas schaffen.","to turn things around|to get one's act together","Ich muss mich beim Lernen wirklich anstrengen, sonst kriege ich die Kurve nicht.","I really need to work harder, otherwise I won't turn things around.","B1|B2","Redewendung",5,"very_common","Very common colloquial expression with several contexts.","German teacher judgment","2026-09-30","","colloquial","","study|work|problems|deadlines","idiom|colloquial","","","","false","false","","","","","die Kurve kriegen","es noch schaffen|die Situation retten","","","","common German usage","","reviewed"
4282,idiom,"etwas auf die leichte Schulter nehmen","Etwas nicht ernst genug nehmen.","to take something lightly","Du solltest die Prüfung nicht auf die leichte Schulter nehmen.","You shouldn't take the exam lightly.","B2","Redewendung",4,"common","Common in warnings about underestimating something.","German teacher judgment","2026-09-30","","neutral","","study|work|risks","idiom|warning","","","","false","false","","","","","etwas auf die leichte Schulter nehmen","etwas unterschätzen|nicht ernst nehmen","","","","common German usage","","reviewed"
4283,idiom,"sich etwas zu Herzen nehmen","Etwas ernst nehmen und emotional berücksichtigen.","to take something to heart","Nimm dir seine Kritik nicht so sehr zu Herzen.","Don't take his criticism so much to heart.","B1|B2","Redewendung",4,"common","Common expression concerning criticism, advice or emotional reactions.","German teacher judgment","2026-09-30","","neutral","","criticism|advice|relationships","idiom|emotion","","","","true","false","","","","","sich etwas zu Herzen nehmen","etwas ernst nehmen|sich etwas nahegehen lassen","","","","common German usage","","reviewed"
4284,idiom,"jemandem unter die Arme greifen","Jemandem helfen oder Unterstützung geben.","to lend someone a hand","Kannst du mir bei dem Umzug unter die Arme greifen?","Can you lend me a hand with the move?","B1|B2","Redewendung",5,"very_common","Very common in everyday German.","German teacher judgment","2026-09-30","","neutral","","help|work|moving|projects","idiom|help","","","","false","false","","","","","jemandem unter die Arme greifen","jemandem helfen|jemanden unterstützen","","","","common German usage","","reviewed"
4285,idiom,"etwas aus dem Ärmel schütteln","Etwas scheinbar mühelos und spontan hervorbringen.","to produce something off the top of one's head","So eine gute Präsentation kann man nicht einfach aus dem Ärmel schütteln.","You can't just produce such a good presentation off the top of your head.","B2","Redewendung",4,"common","Useful for talking about ideas, answers, money or solutions that are not easily produced.","German teacher judgment","2026-09-30","","neutral","","work|study|ideas|solutions","idiom|effort","","","","false","false","","","","","etwas aus dem Ärmel schütteln","etwas spontan hervorbringen|etwas mühelos machen","","","","common German usage","","reviewed"
4286,idiom,"den Überblick verlieren","Nicht mehr wissen, wo man bei vielen Informationen oder Aufgaben steht.","to lose track","Bei so vielen Aufgaben verliere ich langsam den Überblick.","With so many tasks, I'm slowly losing track.","B1|B2","Redewendung",5,"very_common","Extremely useful for work, study and organization.","German teacher judgment","2026-09-30","","neutral","","work|study|organization","idiom|organization","","","","false","false","","","","","den Überblick verlieren","nicht mehr durchblicken|den Überblick behalten","","","","common German usage","","reviewed"
4287,idiom,"reinen Tisch machen","Eine unangenehme Angelegenheit offen klären und nichts mehr verschweigen.","to clear the air|to come clean","Wir sollten endlich reinen Tisch machen und offen darüber sprechen.","We should finally clear the air and talk openly about it.","B2","Redewendung",4,"common","Common in conflicts, relationships and discussions.","German teacher judgment","2026-09-30","","neutral","","conflict|relationships|communication","idiom|communication","","","","false","false","","","","","reinen Tisch machen","offen sprechen|etwas klären","","","","common German usage","","reviewed"
4288,idiom,"den Vogel abschießen","Etwas besonders Bemerkenswertes, meist Negatives oder Überraschendes, tun.","to take the cake|to top it all","Mit dieser Ausrede hast du echt den Vogel abgeschossen.","That excuse really takes the cake.","B2","Redewendung",4,"common","Colloquial and often humorous; can be positive or negative depending on context.","German teacher judgment","2026-09-30","","colloquial","","jokes|mistakes|surprises","idiom|colloquial|humorous","","","","false","false","","","","","den Vogel abschießen","alles übertreffen|den Höhepunkt darstellen","","","","common German usage","","reviewed"
4289,idiom,"etwas an den Nagel hängen","Mit etwas aufhören oder eine Tätigkeit endgültig aufgeben.","to give something up|to hang something up","Nach zehn Jahren will er seinen alten Beruf an den Nagel hängen.","After ten years, he wants to give up his old profession.","B2","Redewendung",4,"common","Common for giving up a profession, hobby or activity.","German teacher judgment","2026-09-30","","neutral","","work|career|hobbies","idiom|giving_up","","","","false","false","","","","","etwas an den Nagel hängen","etwas aufgeben|mit etwas aufhören","","","","common German usage","","reviewed"
4290,idiom,"die Nase vorn haben","Einen Vorteil haben oder besser dastehen als jemand anderes.","to have the edge|to be ahead","Bei der Bewerbung hat sie gegenüber den anderen Kandidaten die Nase vorn.","She has the edge over the other candidates in the application process.","B2","Redewendung",4,"common","Common in comparisons, competitions and applications.","German teacher judgment","2026-09-30","","neutral","","competition|work|applications","idiom|advantage","","","","false","false","","","","","die Nase vorn haben","einen Vorteil haben|vorne liegen","","","","common German usage","","reviewed"
4291,idiom,"aus dem Nähkästchen plaudern","Vertrauliche oder bisher unbekannte Informationen erzählen.","to let the cat out of the bag|to spill the beans","Sie hat beim Abendessen ein bisschen aus dem Nähkästchen geplaudert.","She let slip some behind-the-scenes information over dinner.","B2|C1","Redewendung",3,"common","Well-known, but less frequent than core everyday idioms.","German teacher judgment","2026-09-30","","colloquial","","gossip|secrets|stories","idiom|colloquial","","","","false","false","","","","","aus dem Nähkästchen plaudern","Geheimnisse verraten|aus dem Leben erzählen","","","","common German usage","","reviewed"